Flow Duration,Total Fwd Packet,Total Bwd packets,Total Length of Fwd Packet,Total Length of Bwd Packet,Fwd Packet Length Max,Fwd Packet Length Min,Fwd Packet Length Mean,Fwd Packet Length Std,Bwd Packet Length Max,Bwd Packet Length Min,Bwd Packet Length Mean,Bwd Packet Length Std,Flow Bytes/s,Flow Packets/s,Flow IAT Mean,Flow IAT Std,Flow IAT Max,Flow IAT Min,Fwd IAT Total,Fwd IAT Mean,Fwd IAT Std,Fwd IAT Max,Fwd IAT Min,Bwd IAT Total,Bwd IAT Mean,Bwd IAT Std,Bwd IAT Max,Bwd IAT Min,Fwd Header Length,Bwd Header Length,Fwd Packets/s,Bwd Packets/s,Packet Length Min,Packet Length Max,Packet Length Mean,Packet Length Std,Packet Length Variance,FIN Flag Count,SYN Flag Count,RST Flag Count,PSH Flag Count,ACK Flag Count,URG Flag Count,CWR Flag Count,ECE Flag Count,Down/Up Ratio,Average Packet Size,Fwd Segment Size Avg,Bwd Segment Size Avg,Fwd Bytes/Bulk Avg,Fwd Packet/Bulk Avg,Fwd Bulk Rate Avg,Bwd Bytes/Bulk Avg,Bwd Packet/Bulk Avg,Bwd Bulk Rate Avg,Subflow Fwd Packets,Subflow Fwd Bytes,Subflow Bwd Packets,Subflow Bwd Bytes,FWD Init Win Bytes,Bwd Init Win Bytes,Fwd Act Data Pkts,Fwd Seg Size Min,Active Mean,Active Std,Active Max,Active Min,Idle Mean,Idle Std,Idle Max,Idle Min
0.9999999999999997,0.014302190670042292,0.006620166645601659,0.02283548747750377,0.00678932782865027,0.28236987789742796,0.19953847615018586,0.23543231468348874,0.31752905762039685,0.017076483118547633,-0.012157172858027955,0.002955609337650066,0.017024336038870005,-0.010995851618285094,-0.01220946592678895,0.7555791730181279,0.6416355925494276,0.8855216523554194,0.43932660683482466,0.9804246858015155,0.7599723428413478,0.59896725407478,0.8687081353198753,0.6021366466921054,0.06812141247913227,0.04262450433951597,0.04856365195898982,0.053486899708022555,0.01650869204520328,0.04279507314222174,0.013718974466499858,-0.011331917993026205,-0.084790235034206,0.3195268166138088,0.28212772914003015,0.3130284479635864,-0.028072031343923803,-0.024561575332391047,0.0263962620682647,0.09207741950219395,-0.28138283256841107,0.0293095425575575,0.016421635448557268,0.13895916237962425,0.16138950677959849,0.14626020751100424,-0.39819579454470955,0.25779378892271215,0.23543231468348874,0.002955609337650066,,,,0.010735740423510554,0.01272562450738148,-0.0008257185139902993,0.01369962573674937,0.05738995268749967,0.00697674610733318,0.00523137140392563,-0.045407161244004034,-0.006634010585704458,0.04206837005587606,-0.23631980469724395,0.37297803936604124,0.21940708553204658,0.3869965626218787,0.35001183879969294,0.8202926878622898,0.5877162146154741,0.8837445121422202,0.730728786362724
0.014302190670042292,0.9999999999996907,0.33465698625002455,0.06166689493894338,0.028327243347138792,-0.001299043652215224,-0.0017369842241815347,-0.0016639905217917877,0.0006838745066948044,0.00557272073258066,-9.669052205000995e-05,0.009531223271835289,0.0019069536379675922,0.00039438089409731615,0.0008041426787886407,-0.001606082355329899,-0.0007609030391570967,0.0014857309136423356,-0.0013614069159382037,0.013965511353241566,-0.001665346362672669,0.00013142996958395465,0.0010091582782778778,-0.0017814609730276373,0.02872106056778965,0.0026644015118539523,0.007411187666003904,0.01321913374523739,-5.846043141121942e-05,0.054911761625491703,0.03419186866756811,0.0007563467586779623,0.004620036561928812,0.00030848095466235614,-0.0007040724643835165,-0.0008515039832843502,-0.0016127400418195067,-0.000773066675085683,-0.0008084791394974083,0.001432419171113715,-0.006790611605884511,0.03309922299119379,0.035122494513727544,-0.000686033399211881,-0.0005773716277602013,-0.000628610544440925,-0.002961490048019881,-0.001409179412650076,-0.0016639905217917877,0.00953122327183529,,,,0.06636553016639152,0.06764927535759621,2.9027828028533467e-05,0.9168817475108959,0.008505000005246947,0.31933774201908616,0.016175383892057277,0.0015801052771239911,0.0008692070130768222,0.06485577369048975,-0.011169258695595579,0.024665623445901064,0.030037029511827153,0.030205700846336645,0.02141703760366544,0.0007986816964263482,0.001529573338994527,0.001037415439748673,0.0005135332795114305
0.006620166645601659,0.33465698625002455,1.0000000000003915,0.002402080977925689,0.21751910118434908,-0.001016246651229009,-0.002482107657503755,-0.002440219994013762,0.001039848229194544,0.035754761814974646,0.00024146991896553855,0.06124349162313412,0.012218530396156385,0.0011383846288801915,0.00031436430903166444,-0.004145763495464033,-0.0005654792821217267,-0.0025436913888531847,-0.004074079408344935,0.006618245771428798,-0.0034188378934671376,-0.0009723285770818275,-0.002589432458786591,-0.003244622424732873,0.1083235094781809,0.0015849315444874902,0.0025056378879764196,0.009759197330109694,0.00023687688662794482,0.21643609314705312,0.25330612780241846,0.0001471059303655265,0.016133171618393168,-0.0036023881189074136,0.0027374003192467576,-0.0005662249739450797,0.004526475625585418,0.004348566443600286,0.0025392259256308333,0.0022703080590422697,-0.004429053618604509,0.21132298396661922,0.2382609360429811,-0.000501150359662888,-0.0004847845976568758,-0.000477477797916277,0.08966816860284729,-0.0013207618677870503,-0.002440219994013762,0.06124349162313412,,,,0.10844723643275138,0.12239807761250078,0.00019496550660798664,0.44019641561164763,0.004740752054320806,0.9460427481298713,0.1271686826541096,0.013840703065870192,0.0013325717728005428,0.027937224627414298,0.0013076224476213899,0.004906101172539014,0.002527398761189173,0.00504777660748853,0.00470120179443356,-0.0029747024120968107,-0.0008666842440825974,-0.0029324191195350268,-0.0029195205455386838
0.02283548747750377,0.06166689493894338,0.002402080977925689,1.000000000000001,0.0013025888320071127,0.029679672112667824,0.028721700910710773,0.029311564172419875,0.004577217009749198,0.001115883534368729,-0.0004182752102735726,0.0004232546194561426,-7.371694997962868e-05,0.00489205797556047,-0.00024920589580025267,0.004476963988441558,0.002576752208125925,0.005271415401360153,0.0026539591845634275,0.02334985345279319,0.004065278652798572,0.0044043029420661045,0.005556668128697054,0.0027867126401193896,0.00485437483720066,-0.0005224093735428471,-0.0004534240645266222,-0.0002298994524209206,-0.0003102346811398129,0.36747565578598523,0.010089855634048097,-0.0002321715874817762,-0.0016460525660254243,0.03153857627010454,0.029630516543832884,0.03316046861850526,0.005308801917513499,0.005584497297380196,-0.0017165287478334806,0.0005770182102718653,-0.012562428227047685,0.017148582844372692,0.011422081102319959,0.0015755976401554963,0.001548638329527029,0.0013704905144578893,-0.007872449187861012,0.026850879631172633,0.029311564172419875,0.00042325461945614813,,,,0.8497192449889253,0.8425952050351007,0.0004828215279210181,0.0032490438693771493,0.12244742122333029,0.0013655405785143251,0.00018769611028655178,-0.001440766088985192,-0.00022019771244205727,0.9712284285198473,-0.011914039547359423,0.0077828772906775945,0.0044828279870599294,0.008097036718438191,0.007326495603629396,0.004307243251301187,0.005163849597962482,0.005361649910078458,0.0033595839228748514
0.00678932782865027,0.028327243347138792,0.21751910118434908,0.0013025888320071127,1.0000000000004488,-0.0017193981887197076,-0.004066461923208879,-0.004014038149445369,0.0023768206287869873,0.12023302411619922,0.0006687833755784177,0.2713558238380365,0.0422559464707936,0.0051709731576196774,5.345592901154757e-05,-0.0034073904962915835,-0.0023072487495619173,-0.002887753136646479,-0.002336501115090025,0.006943709643550215,-0.003450907937482381,-0.001378155430295668,-0.0028173775513993487,-0.003143002188179074,0.11181508790449646,0.0007045610440776841,0.0013261857244378631,0.007277195703667099,-9.401373910199646e-06,0.7710152227478213,0.887296249739055,-1.944072532163441e-05,0.007030215196999667,-0.001953758563565429,0.013700851351285116,0.006964519942435508,0.01577803601973247,0.017605117292934094,0.007635606886327448,0.006891007775826641,-0.008756271173685777,0.5772668212542357,0.8551897625087881,-0.0015050536017974887,-0.0013777632940907203,-0.0013954370566827547,0.02582782990860711,0.0037956007374702083,-0.004014038149445369,0.2713558238380365,,,,0.5107021551516708,0.5151057103764937,0.0002078117635096208,0.03607194121054836,0.0009426142564915931,0.20581583858794977,0.5988487441829257,0.04322939962682859,0.0022672300439603873,0.012625676671391875,0.008568590374398746,4.030327204287593e-05,0.0014290431081205423,0.0002638505609026604,-0.00017706223040263078,-0.0030413041030549265,-0.0010462010994294199,-0.003020216484249865,-0.0029543315914072306
0.28236987789742796,-0.001299043652215224,-0.001016246651229009,0.029679672112667824,-0.0017193981887197076,1.0000000000000269,0.9628444420202307,0.9840350562087381,0.19875512773057782,0.02185288557084133,-0.016697512864772814,0.0017500934645127565,0.023646534756564138,0.01690604797334334,-0.013124564086127994,0.2240389441033352,0.07995421201962911,0.2093195583972983,0.18452823159460657,0.2868692124932653,0.20870740375953267,0.08236482761503786,0.21535725300312158,0.1910080810402456,0.0013984866732204568,-0.004167091360917416,0.0055410807295335806,-0.0017089474144278566,-0.012583625989183351,0.010656485270527616,-0.0005758338975650768,-0.012807280551556272,-0.030776062472118292,0.5527009652138581,0.9971444625267587,0.9609968852224012,0.6729007007752286,0.6503362184186939,0.023965074278397162,0.001156127671478692,-0.13692428142856714,0.0048123824145970585,0.0008662943522149446,0.0366378775048248,0.040310297743697085,0.042658733325885774,-0.08668593166898372,0.9552568545815132,0.9840350562087381,0.0017500934645127565,,,,0.008326611775974041,0.008453826843579001,0.003324233762856311,-0.001888186672835029,0.10082965440021806,-0.0007200324330603501,-0.0008072164815891784,-0.045765016452315455,-0.013997067326119031,0.020883285816331826,-0.07931934816320166,0.08156958133845264,0.08785626829143481,0.09231163587360722,0.06941172533960314,0.19505805556648248,0.12976076626835262,0.21243095262553383,0.17538597279371584
0.19953847615018586,-0.0017369842241815347,-0.002482107657503755,0.028721700910710773,-0.004066461923208879,0.9628444420202307,0.9999999999999498,0.9945098271475211,-0.06439767260617008,-0.05864135406629969,-0.017339809717540598,-0.047396466478219684,-0.0555873717013081,0.01587914618487886,-0.012788028666551921,0.20373503543271784,0.04811978531178684,0.1669137570041405,0.1819507309439112,0.20249848387455918,0.19218267153247004,0.022103806208335984,0.17193612800651537,0.19419473943569238,-0.04124350200295404,-0.03934014127605894,-0.04445524921438101,-0.043759129337393364,-0.013482976485987291,0.0028453474959267435,-0.007007769392025806,-0.012513522343415923,-0.026646402835123303,0.5664999092649988,0.9560125743771969,0.967841867572286,0.6363603081663837,0.6278679324386364,0.01863778186934813,-0.004161769577859807,-0.0878926152816709,-0.003681211354815833,-0.006040717033600055,0.04477141645736212,0.047345780027492276,0.05043039481484191,-0.06939081728451582,0.968065727654102,0.9945098271475211,-0.047396466478219684,,,,0.007536508936842813,0.006931828914917379,0.003405631377972662,-0.0021605013970746752,0.10024442080132151,-0.0018932665098601747,-0.0017916584589260105,-0.09094532275955078,-0.016950312970525433,0.015129100078343815,-0.03478443922608939,0.012844299412599304,-0.03409530824472918,0.0063412804117393045,0.019239759598375206,0.16529112877823368,0.0753075006907962,0.17049999268093033,0.15735326157972634
0.23543231468348874,-0.0016639905217917877,-0.002440219994013762,0.029311564172419875,-0.004014038149445369,0.9840350562087381,0.9945098271475211,0.9999999999997469,0.03516739735720727,-0.04085560467195989,-0.017167526835085233,-0.03634389834948094,-0.03726608969092725,0.016589587400984467,-0.01303615292865866,0.21577913732082807,0.061579514834753865,0.1862578483588406,0.18629705998366872,0.23914178524081625,0.20243652728796543,0.0459296777092854,0.19182383952569393,0.19663553950451204,-0.03274454312567572,-0.031262843992586144,-0.03305618423259639,-0.03415309086608332,-0.013210097872482805,0.003909670047158881,-0.0066353894347663984,-0.012740936687620294,-0.028646882460698853,0.5666958932479923,0.9780541721360555,0.9745288679193184,0.6547930368131947,0.6410178929466182,0.018759979679263534,-0.0030561255213542187,-0.10849321950501757,-0.002941689963054885,-0.005587366037732957,0.04279583190925317,0.04590428309655246,0.04855957853487079,-0.07830177312014819,0.9722169172597729,0.9999999999997469,-0.03634389834948094,,,,0.007501071417053507,0.006972146854687498,0.0033994521251324,-0.002149520304248271,0.10134714611432215,-0.0018063102264593116,-0.001771597828279167,-0.0816217939499299,-0.016402183583607743,0.016929461817455867,-0.05509544912976015,0.04151486695106645,0.010523189077674378,0.04084525259002297,0.04137325340034711,0.17988316460533252,0.0980936472384448,0.18985369873079458,0.16718690381206971
0.31752905762039685,0.0006838745066948044,0.001039848229194544,0.004577217009749198,0.0023768206287869873,0.19875512773057782,-0.06439767260617008,0.03516739735720727,1.0000000000005587,0.29038489689919295,0.003064523221631398,0.18531626678977214,0.3016497498018791,0.007795051260395256,-0.0022450363309890575,0.11492023732194157,0.13118820362699968,0.188035171886697,0.045266410571405666,0.3232084270307373,0.09918752769131185,0.2324880768662648,0.1923021270185412,0.02568526957916801,0.1375482461869583,0.13459010948837144,0.1904538751825882,0.15803624366668448,0.00380979347925632,0.011921077584602285,0.0062011662222344836,-0.00204934045068523,-0.018901924797764605,-0.005414627293972272,0.2133059692178235,0.04655238557929871,0.1824656200123712,0.13086314779961575,0.026526101007246165,0.019288050308961774,-0.19008833598329117,0.00771483496224235,0.00679394417683987,-0.027551675021808584,-0.022747618801707583,-0.02571878239172023,-0.07734579651706949,0.02603955016232655,0.03516739735720727,0.18531626678977214,,,,0.0005255716223074049,0.001253470512040329,-6.0773177462505387e-05,0.0002979311808321774,0.009484669742903467,0.0016278531462924491,0.0006310464147217246,0.1630630343766523,0.009859263435055776,0.015243940907590587,-0.17141315598527926,0.23412926370715462,0.3828781472268183,0.2855157006850416,0.1768962015185098,0.14484461245790828,0.20855892518144128,0.18675412558565416,0.10231702231559933
0.017076483118547633,0.00557272073258066,0.035754761814974646,0.001115883534368729,0.12023302411619922,0.02185288557084133,-0.05864135406629969,-0.04085560467195989,0.29038489689919295,1.000000000000582,0.26081889309173534,0.814990198608807,0.9323255866172314,0.0007458773874851348,-0.0012044826884787805,-0.03572676587658697,0.01648112663207602,0.018883538269660678,-0.033609246130106886,0.01295808105923811,-0.02928756616365197,0.07359538836746073,0.015298929943635986,-0.04487228129320821,0.4676110660940997,0.4020841601081289,0.5573594816691603,0.4733225866139498,0.02363589288985078,0.1592056284608557,0.14796356358812257,-0.001169807240469874,-0.003360314707119608,-0.02785147239402771,0.0883377671875981,-0.022437170753112346,0.07445271495187517,0.03469319044749405,0.14555964154071455,0.09636748371717553,-0.07453087111454035,0.1354178577763078,0.15624585822142403,-0.021616746399962035,-0.01980955091342584,-0.02003263673599683,0.018246333668532226,-0.028998479795716372,-0.04085560467195989,0.814990198608807,,,,0.06078940972338328,0.06895492516472666,0.001011831511201507,0.005031309216158416,0.002483743066928102,0.026092619738238,0.051975453458704954,0.5350855580137521,0.03168268457784317,0.017923534004657144,0.08406040129191358,-0.010513754668370194,0.011194735418897588,-0.007588538019677294,-0.012722356343115578,0.007127915462119736,0.02809940992619724,0.011008299374198229,0.001936311565317291
-0.012157172858027955,-9.669052205000995e-05,0.00024146991896553855,-0.0004182752102735726,0.0006687833755784177,-0.016697512864772814,-0.017339809717540598,-0.017167526835085233,0.003064523221631398,0.26081889309173534,1.0000000000016032,0.6339448798738179,-0.0009336733025120364,0.0016486458697982558,-0.00017371983393155965,-0.013084496362617697,-0.007438359269012562,-0.012746283626907433,-0.009637642844283742,-0.013050980519612804,-0.01266167559789962,-0.007097815683611932,-0.013273990364228185,-0.010972056817755737,0.023906668392043164,0.05258865720553406,0.005823030300787085,0.025361891982455104,0.063047213119294,-0.0004753940340342302,0.0005127117640804725,-0.00026922080822984945,0.009206848973801168,-0.006931777318359842,0.019306853854852875,-0.0006890538759485008,0.03058649325413858,0.03108414126985148,0.012344609539470896,-0.003967425959917263,-0.008796942939781406,0.0003069517215108071,6.545157134939569e-05,-0.006018119918936045,-0.005609208643239421,-0.005559996945400943,0.018482184091067756,-0.001032657749098135,-0.017167526835085233,0.6339448798738179,,,,-0.00010683316230146907,-4.643470900257394e-05,0.0010010459865525399,-0.00019319153828967385,-0.0017381536855369866,6.118223755972387e-05,0.00011793972438954105,0.00027161976099461315,0.0075934367890153195,-0.0006531715142857353,-0.019581602406879582,-0.005445045883616206,-0.0011642546581540655,-0.005241593788069261,-0.005467865450863885,-0.012159870385685261,-0.004220396334595326,-0.012055344431381686,-0.011807472161053717
0.002955609337650066,0.009531223271835289,0.06124349162313412,0.0004232546194561426,0.2713558238380365,0.0017500934645127565,-0.047396466478219684,-0.03634389834948094,0.18531626678977214,0.814990198608807,0.6339448798738179,1.0000000000007438,0.6627163176610485,0.003356283427967237,-0.000827424948331547,-0.030196041213287225,0.006523132089053571,0.004834247854876285,-0.02702991189166153,0.0005216786869601031,-0.02583604395391376,0.043541853214619196,0.002530582867337498,-0.03505707521877062,0.29293884245258106,0.2945835875667997,0.3670478388706248,0.312549479579232,0.04718429564043083,0.27716218585067876,0.2522120078815183,-0.0008795186286446247,0.005012076143189211,-0.02191266044892974,0.07162392375428787,-0.010467014628018825,0.07313325480609388,0.04939355134140946,0.09406705696705174,0.061657535903829684,-0.047921073165350034,0.1811070306423791,0.26421124261109497,-0.017295807696321927,-0.015895577882873903,-0.01602563953135099,0.018415437031740596,-0.016368286149418557,-0.03634389834948094,1.0000000000007438,,,,0.13998020387867538,0.147792340421537,0.0020420916440147346,0.008040238941414594,-0.0007131014198435579,0.0435532148571268,0.1183254407154221,0.357430067748803,0.024917693658999814,0.008145876907782758,0.043473936099047455,-0.011939654744019802,0.0018730877336821069,-0.010717400879290136,-0.012664338459565092,-0.0018802042370429952,0.017022850881518645,0.0008796518855120648,-0.0052717444453969295
0.017024336038870005,0.0019069536379675922,0.012218530396156385,-7.371694997962868e-05,0.0422559464707936,0.023646534756564138,-0.0555873717013081,-0.03726608969092725,0.3016497498018791,0.9323255866172314,-0.0009336733025120364,0.6627163176610485,1.00000000000073,-0.0004312387165140575,-0.001214714951604769,-0.03241853965111836,0.021390690143883798,0.025472164806854915,-0.03194266154103103,0.013502959256158898,-0.025641793836035383,0.08171875825674106,0.021824293700689387,-0.04309676728753079,0.4136671023666646,0.42534441646456667,0.598833674210077,0.4896535402132428,0.00960850752222329,0.06126069390029937,0.051815416222020974,-0.0011412532382384093,-0.007100645074950856,-0.026752975232796985,0.08184404792859577,-0.023429854707125428,0.06907097615062188,0.026767847164859145,0.14237118752522876,0.09993924602899984,-0.06737128617945355,0.042248848147362975,0.05587587069367329,-0.02059481904358876,-0.018847659648624098,-0.01909017328674438,0.00801229553452608,-0.0297391698310609,-0.03726608969092725,0.6627163176610485,,,,0.021294167298029562,0.023965401037606814,0.0007044868674121645,0.0018568722313078625,0.0008272844913058985,0.00948766509845347,0.013406336286097588,0.5465805363631322,0.030389326735886048,0.00404915818718832,0.08781851392964092,-0.01306947147294977,0.003224033202183664,-0.011643827912333055,-0.014042760701798877,0.01357488892089803,0.03349297645280587,0.017911418977654955,0.007577003788760006
-0.010995851618285094,0.00039438089409731615,0.0011383846288801915,0.00489205797556047,0.0051709731576196774,0.01690604797334334,0.01587914618487886,0.016589587400984467,0.007795051260395256,0.0007458773874851348,0.0016486458697982558,0.003356283427967237,-0.0004312387165140575,1.000000000000003,0.038949611375282314,-0.011003873916753011,-0.007889071743683133,-0.011750577180162789,-0.007440321734674426,-0.010788914283401244,-0.011409069053745328,-0.005346808697216798,-0.011623066457732634,-0.010222319183244542,-0.0003203587319870373,-0.0008286648240908542,-0.0008923250015458741,-0.0008698118298152603,-0.00032127869607589087,0.006403506566858683,0.00472250806392618,0.038175526466138816,0.07518028100869943,-0.001549320002992486,0.017015024442862212,0.012028130657432074,0.024068672274265134,0.022097429928130206,6.677719466860134e-05,-0.0019246104982174196,-0.0033915781913605395,0.0031746679916567102,0.004908118932058579,-0.0005984548661938274,-0.0010308371755565074,-0.0010863227561567813,0.010055377036330672,0.01338277565398144,0.016589587400984467,0.003356283427967237,,,,0.006828790710339608,0.006910909678559517,0.004301007914272045,-3.320426753801945e-05,-0.0005260583859533769,0.0005406053553260477,0.0018389380341210387,-0.001295125766689938,-3.872151536611282e-05,0.004442467107258926,0.007217104477094821,-0.004593837211993486,-0.0012144961512697997,-0.004492178916667867,-0.004564482661126814,-0.010901309068409033,-0.0038818019484282013,-0.010834905416220657,-0.01056683443067951
-0.01220946592678895,0.0008041426787886407,0.00031436430903166444,-0.00024920589580025267,5.345592901154757e-05,-0.013124564086127994,-0.012788028666551921,-0.01303615292865866,-0.0022450363309890575,-0.0012044826884787805,-0.00017371983393155965,-0.000827424948331547,-0.001214714951604769,0.038949611375282314,0.9999999999999881,-0.012141763644638242,-0.00863781154624349,-0.01293788566110588,-0.008244414938038697,-0.011953221141641653,-0.012520808094130798,-0.005850565634041285,-0.012753402809552492,-0.011223949049616188,-0.0008984347201150639,-0.0009161949253401354,-0.000992663907448918,-0.0009877277253205823,-0.00034900444795131784,-7.008518917419628e-05,-0.0002409177975196674,0.999946247958604,0.018910515679937335,-0.006821907682329325,-0.013155828247312332,-0.01272144419474314,-0.009151359752945643,-0.0053916430909841185,-0.004795371160574182,-0.002881356256281752,0.025936142097350425,-0.00023560821305153724,-5.2321742495784605e-05,-0.0045555877066287866,-0.004365920580355645,-0.0044418043220360555,-0.007413074081970078,-0.012591361515359827,-0.01303615292865866,-0.000827424948331547,,,,3.217801337193722e-05,2.7712858500658504e-05,0.00013268696791312278,0.0006886330783018674,-0.0014074875305008102,0.00031017939319093164,6.37097684450395e-06,-0.002021095882971831,-6.082584019562913e-05,-0.0004591758118869366,-0.002026721460335581,-0.005052329853093332,-0.0013207679319222807,-0.004936380925516235,-0.005021982513898661,-0.011940739489886379,-0.004243756027833373,-0.0118672087591016,-0.01157603519810041
0.7555791730181279,-0.001606082355329899,-0.004145763495464033,0.004476963988441558,-0.0034073904962915835,0.2240389441033352,0.20373503543271784,0.21577913732082807,0.11492023732194157,-0.03572676587658697,-0.013084496362617697,-0.030196041213287225,-0.03241853965111836,-0.011003873916753011,-0.012141763644638242,1.0000000000000013,0.37838851990229444,0.9064370153834374,0.8702978326847944,0.7354458254669227,0.9373517794021757,0.2631186623076114,0.8920347155759294,0.8954978455163919,-0.01688067321816336,-0.00799535218405715,-0.019181209565172608,-0.01486997946990313,0.006134787597549418,0.005824528336849508,-0.011137466425426882,-0.011270194780297116,-0.08421273933257367,0.449749742715001,0.22099325265388492,0.31001223739633016,-0.1633958821877303,-0.09794071894024764,0.06233418179552045,0.013681376983251335,-0.1166253307760386,-0.002888342688200509,-0.009305198038565452,0.03029157744940806,0.05204163868132942,0.04784346955934743,-0.4065559870994015,0.30263629597146435,0.21577913732082807,-0.030196041213287225,,,,-0.003991057413822993,-0.004369353572122092,-0.0008343307757264228,0.00143599253544916,0.06305758940175145,-0.0011284866106963858,-0.0014797337585370448,-0.07233639646072676,-0.010421516496177601,0.009172814933989045,-0.1971965010954515,0.06159287018918591,0.012687124029586307,0.05940376191653945,0.06185055332138585,0.9167165471135564,0.29086782796660104,0.9005914888465996,0.8972126335196834
0.6416355925494276,-0.0007609030391570967,-0.0005654792821217267,0.002576752208125925,-0.0023072487495619173,0.07995421201962911,0.04811978531178684,0.061579514834753865,0.13118820362699968,0.01648112663207602,-0.007438359269012562,0.006523132089053571,0.021390690143883798,-0.007889071743683133,-0.00863781154624349,0.37838851990229444,1.0000000000001072,0.7008801554659208,-0.1136693351328016,0.6008209725173839,0.5557190814420024,0.5716492177294158,0.6549803070042548,0.411717684200699,0.03906177497950409,0.051298774605372834,0.046858725519816256,0.05282561415154272,0.029117788544832626,0.009550239766441704,-0.0014301811409928992,-0.008016040881079342,-0.06007640426231516,-0.05072570153178532,0.08043954266573872,0.06423471787826786,0.08774445986797237,0.048988099170037845,0.07194297042794395,0.07080662407551333,-0.1754069335342424,0.002341384970096822,1.3806565339431576e-05,0.11366161565812873,0.1327742247816639,0.13231366088983817,-0.29215883969557105,0.024767935163974,0.061579514834753865,0.00652313208905357,,,,-0.0028027021472411505,-0.0029756681817248326,-0.0005881085763175966,0.0005717242965927001,0.026472524556005073,0.003697981022652088,-0.0009285268892048706,-0.029266967003316137,-0.0010285203441237469,0.012297864353343338,-0.13470959764788565,0.2182453210850854,0.0471745889809198,0.21113249882144117,0.21867826153884537,0.6586200882211205,0.46505569912167777,0.6972427493600365,0.5920027113321928
0.8855216523554194,0.0014857309136423356,-0.0025436913888531847,0.005271415401360153,-0.002887753136646479,0.2093195583972983,0.1669137570041405,0.1862578483588406,0.188035171886697,0.018883538269660678,-0.012746283626907433,0.004834247854876285,0.025472164806854915,-0.011750577180162789,-0.01293788566110588,0.9064370153834374,0.7008801554659208,0.9999999999999988,0.603197818670301,0.8578872872814021,0.9256925361923056,0.524788676282834,0.9747987192410422,0.8091519310859058,0.05406335665621951,0.05777424394661332,0.06761328945996171,0.07175637280160556,0.021903455399360363,0.012116220385433432,-0.007118917221198546,-0.01200833455083672,-0.0898149411600834,0.3199909728697175,0.20943565889247817,0.2616642826938345,-0.0853073318518335,-0.05579981302651767,0.06964053422762373,0.05394399841865404,-0.17708625941903988,0.0015864867776568454,-0.004907509225858778,0.08015866425108507,0.10539432397631045,0.1019718522201299,-0.4319067775779006,0.23618864827285618,0.1862578483588406,0.004834247854876285,,,,-0.0038591557829830386,-0.003985121516960399,-0.0008817334476198012,0.004577910478355224,0.0582149130509703,0.0012738115984797381,-0.0007470079049553686,-0.04658969630270136,-0.005794317445673722,0.015029570798034601,-0.21232450967723926,0.19420800582087808,0.06640456510626615,0.1920923089438994,0.19048845384633561,0.9741019700731107,0.48533895785090064,0.9942743062058423,0.9170017697791166
0.43932660683482466,-0.0013614069159382037,-0.004074079408344935,0.0026539591845634275,-0.002336501115090025,0.18452823159460657,0.1819507309439112,0.18629705998366872,0.045266410571405666,-0.033609246130106886,-0.009637642844283742,-0.02702991189166153,-0.03194266154103103,-0.007440321734674426,-0.008244414938038697,0.8702978326847944,-0.1136693351328016,0.603197818670301,1.000000000000001,0.4361370781098066,0.7119111556308979,-0.028182116289614256,0.6089881885538708,0.7496469017235465,-0.02294669753993182,-0.020365141120020556,-0.025468353190285203,-0.024129869694515187,-0.00484891812810038,-0.00013781087411642224,-0.01088152920582255,-0.007653653751614371,-0.057080735751283265,0.5135338458192615,0.18182047919485084,0.28546312661097634,-0.2329222787371084,-0.13726783694219039,0.04306482357620201,-0.02913232674224716,-0.029792171672543222,-0.004791345008660983,-0.009880419289906368,-0.04093493321537749,-0.02757541334118531,-0.03039174042402715,-0.2735565293736019,0.30265466728616447,0.18629705998366872,-0.02702991189166153,,,,-0.002715672191688452,-0.0029919137979000656,-0.0005681997440443636,0.0013835692086821587,0.05245109164635924,-0.002735886048608651,-0.001028782704902011,-0.05394940802495758,-0.009384872774470676,0.001696993646105165,-0.13400514801246657,-0.07266527800836099,-0.02108439127663978,-0.07139494159054574,-0.0718542698704313,0.6413428004879193,0.04719097654294543,0.5981488226650904,0.6608019767559175
0.9804246858015155,0.013965511353241566,0.006618245771428798,0.02334985345279319,0.006943709643550215,0.2868692124932653,0.20249848387455918,0.23914178524081625,0.3232084270307373,0.01295808105923811,-0.013050980519612804,0.0005216786869601031,0.013502959256158898,-0.010788914283401244,-0.011953221141641653,0.7354458254669227,0.6008209725173839,0.8578872872814021,0.4361370781098066,1.0000000000000528,0.7697288674178356,0.6156086673906479,0.8826591079781727,0.6070674619731402,0.05738103116800624,0.03184893345236863,0.03842475681812663,0.04076801229650217,0.00977363880958854,0.04339004373091469,0.01358185763308749,-0.011091692251790531,-0.08324198858510448,0.3347443596599365,0.2864140203599385,0.3199191483542626,-0.03639336147064085,-0.02887825962685798,-0.045880068024142864,0.09609296294811491,-0.28570359678404067,0.029927353032814564,0.01645397075513455,0.14734802940500927,0.16973902908760508,0.15423085019160446,-0.39505463640787236,0.26456349539947044,0.23914178524081625,0.0005216786869601038,,,,0.011038864122587292,0.013033421166799087,-0.0008109455257147841,0.012893651509762235,0.05859054220466706,0.007025629141690606,0.005310238905356683,-0.04965564339071612,-0.006913609202616086,0.042812412181914526,-0.2413528347563156,0.3626485734781106,0.22465942790272223,0.3782893463118326,0.33840963676947833,0.7951021053702844,0.5611424299287991,0.856486942357783,0.7096026719364762
0.7599723428413478,-0.001665346362672669,-0.0034188378934671376,0.004065278652798572,-0.003450907937482381,0.20870740375953267,0.19218267153247004,0.20243652728796543,0.09918752769131185,-0.02928756616365197,-0.01266167559789962,-0.02583604395391376,-0.025641793836035383,-0.011409069053745328,-0.012520808094130798,0.9373517794021757,0.5557190814420024,0.9256925361923056,0.7119111556308979,0.7697288674178356,1.0000000000000044,0.2729260644084086,0.9483760116132609,0.9585895111138117,-0.006175240864097815,0.00827886466165825,-0.010000243236238942,-0.002246486492400405,0.019616003724800803,0.006393277230127862,-0.009457725690448822,-0.011617879196267005,-0.08724201510108628,0.356408749785502,0.206064387298956,0.2798730300622228,-0.10762091381457185,-0.06318924429058419,0.028124081029625655,0.025869627916752038,-0.10225787048083065,-0.0021962726781394413,-0.007818227178996542,0.05464155658736077,0.0777786009555672,0.07331889936530868,-0.4263473044333883,0.2661454796808155,0.20243652728796543,-0.025836043953913767,,,,-0.004107571804142982,-0.004440385480384851,-0.0008576545414788589,0.0016492615530507612,0.06373967828604891,0.0008602828928579036,-0.0014945114544099246,-0.07185751226074734,-0.008862222991018943,0.00932828977060316,-0.19640067661311225,0.03992123134258729,0.005734584309098873,0.037998160598838024,0.04053299246096151,0.941408552209633,0.272271096620767,0.9192056962170367,0.9269975767277273
0.59896725407478,0.00013142996958395465,-0.0009723285770818275,0.0044043029420661045,-0.001378155430295668,0.08236482761503786,0.022103806208335984,0.0459296777092854,0.2324880768662648,0.07359538836746073,-0.007097815683611932,0.043541853214619196,0.08171875825674106,-0.005346808697216798,-0.005850565634041285,0.2631186623076114,0.5716492177294158,0.524788676282834,-0.028182116289614256,0.6156086673906479,0.2729260644084086,1.0000000000000113,0.5418905145134085,-0.006010547566740821,0.08298083081672888,0.07242598461199966,0.11726903636456681,0.1052838418424476,-0.003148485883697334,0.014579414317094008,-0.002025147073613059,-0.005428670083399178,-0.04076402963980533,0.07860749434486708,0.08619535445326168,0.0784203676487184,-0.01397063297471923,-0.023349993368229842,-0.07768867580903824,0.09608851144515364,-0.27383129029363323,0.005809515139536427,0.00027685081150014614,0.12704133410332566,0.14368923963724953,0.14755647143086745,-0.1960455941334711,0.040423786128077115,0.0459296777092854,0.043541853214619196,,,,-0.0018500474578525957,-0.0018393301312094213,-0.00039175347833005623,-0.00031584349074907485,0.012787690559555991,-0.0009166107546547705,-0.0004471189206426332,0.006514757556363357,-0.00016345582575106758,0.017773947436965764,-0.13763556246932035,0.3739052779579367,0.10135685325588989,0.36527792294119515,0.37122065544090027,0.4235010997686149,0.6743465644617699,0.5256698983057478,0.3023261042685207
0.8687081353198753,0.0010091582782778778,-0.002589432458786591,0.005556668128697054,-0.0028173775513993487,0.21535725300312158,0.17193612800651537,0.19182383952569393,0.1923021270185412,0.015298929943635986,-0.013273990364228185,0.002530582867337498,0.021824293700689387,-0.011623066457732634,-0.012753402809552492,0.8920347155759294,0.6549803070042548,0.9747987192410422,0.6089881885538708,0.8826591079781727,0.9483760116132609,0.5418905145134085,0.9999999999999861,0.8276326433145489,0.044348392786853555,0.04806451061692225,0.05655060831945375,0.05865254077772892,0.016786075792556292,0.012486839479058185,-0.007364919330856595,-0.011833708235419816,-0.08886193524403652,0.3347815308915435,0.21525503510891375,0.2702141960609817,-0.09180377318645976,-0.05863498812246244,0.0051003657620423345,0.05745310681176624,-0.1797951168291909,0.0019523994772143367,-0.0050405673859984885,0.08782149635265814,0.11305940922274942,0.10954903104221235,-0.432887594859016,0.2446830775951528,0.19182383952569393,0.002530582867337496,,,,-0.003784786661768979,-0.003907948159958355,-0.0008702358679926049,0.0035458468696209196,0.059872880044306014,0.0012552962081520997,-0.0007297911641773854,-0.05201657533782399,-0.006109598126190335,0.015459559121801147,-0.21918866887357463,0.1773204642140606,0.06938711309347305,0.17684070653412848,0.17247183806041824,0.9506236319458456,0.4640031480972711,0.9693458658661266,0.8966739451435501
0.6021366466921054,-0.0017814609730276373,-0.003244622424732873,0.0027867126401193896,-0.003143002188179074,0.1910080810402456,0.19419473943569238,0.19663553950451204,0.02568526957916801,-0.04487228129320821,-0.010972056817755737,-0.03505707521877062,-0.04309676728753079,-0.010222319183244542,-0.011223949049616188,0.8954978455163919,0.411717684200699,0.8091519310859058,0.7496469017235465,0.6070674619731402,0.9585895111138117,-0.006010547566740821,0.8276326433145489,0.9999999999999929,-0.022108950806908997,-0.005274118069494899,-0.03320411909761705,-0.022252228773877943,0.021605067197063774,0.0020031989150142283,-0.009047594618699471,-0.010414560973027545,-0.07820399833872321,0.34785359056205795,0.1875558023565652,0.26726494029665454,-0.10860295880028419,-0.05906667074741425,0.05532604277776474,-0.002656690647699537,-0.02217376313716231,-0.004039119060355573,-0.008034856046128682,0.0157078417370646,0.03449915721716477,0.029379589396491233,-0.3830207782893947,0.2649839733133045,0.19663553950451204,-0.03505707521877062,,,,-0.0036901494260576516,-0.004029673981060257,-0.000771241528633993,0.001846580643480037,0.06251027588667205,0.001248086538856758,-0.0013875207508539658,-0.07264200977293532,-0.008542559783384036,0.00383056670245244,-0.16005011910589706,-0.07926657480266698,-0.03096708662825859,-0.07922974143332191,-0.07701429578124996,0.8558324780625952,0.0840603731017479,0.8019391036760144,0.8774927732466171
0.06812141247913227,0.02872106056778965,0.1083235094781809,0.00485437483720066,0.11181508790449646,0.0013984866732204568,-0.04124350200295404,-0.03274454312567572,0.1375482461869583,0.4676110660940997,0.023906668392043164,0.29293884245258106,0.4136671023666646,-0.0003203587319870373,-0.0008984347201150639,-0.01688067321816336,0.03906177497950409,0.05406335665621951,-0.02294669753993182,0.05738103116800624,-0.006175240864097815,0.08298083081672888,0.044348392786853555,-0.022108950806908997,1.0000000000002998,0.6739647919137733,0.7518834728812189,0.8275192609191548,0.275955729369012,0.22167603188360105,0.246807471512923,-0.0008498371031726871,-0.004698639176859509,-0.01927400563323676,0.0276058567264915,-0.025956232413125703,0.0168749714705785,0.0016169943760224548,0.09937957576659537,0.06306237151356865,-0.06828713396150099,0.2814346302936047,0.23865823254286725,-0.014487044568156865,-0.013428542046094638,-0.013814507450564183,0.14212744891710147,-0.029089572022736973,-0.03274454312567572,0.29293884245258106,,,,0.05024056268646427,0.07692433383690613,4.761161548915597e-05,0.03309902376855645,0.009230281076243496,0.08710025322218293,0.0736804923128443,0.3421802873993129,0.024596971192737887,0.06319007239427134,0.05635666207744593,0.04430437432462978,0.0984129577722011,0.061804684871613676,0.029038186802514847,0.04536641213919858,0.04399059900210307,0.04931287591487871,0.038571195777581314
0.04262450433951597,0.0026644015118539523,0.0015849315444874902,-0.0005224093735428471,0.0007045610440776841,-0.004167091360917416,-0.03934014127605894,-0.031262843992586144,0.13459010948837144,0.4020841601081289,0.05258865720553406,0.2945835875667997,0.42534441646456667,-0.0008286648240908542,-0.0009161949253401354,-0.00799535218405715,0.051298774605372834,0.05777424394661332,-0.020365141120020556,0.03184893345236863,0.00827886466165825,0.07242598461199966,0.04806451061692225,-0.005274118069494899,0.6739647919137733,0.9999999999990099,0.6442515528195993,0.8298253561557779,0.7674996550821165,0.007057685355512283,0.006777729422268521,-0.0008514271448942305,-0.006258184489406376,-0.01752772374531576,0.01853320551645196,-0.025084210330568537,0.015569841564537756,0.000702593842169396,0.07351968390402784,0.05201696240434569,-0.054625109656685614,0.005479449783471528,0.0069199172342106225,-0.013839344612991335,-0.01268690027907076,-0.01304804581496898,0.01566275652867555,-0.027839559168199662,-0.031262843992586144,0.2945835875667997,,,,-0.00019146706491002488,0.0004780617523207478,-1.625445754108847e-05,0.0031463352520549313,-0.0010775641341298982,0.0036917643150177286,0.0010700322124210363,0.2723851106552596,0.023918287828520134,0.0007058861350905285,0.021214528581445034,0.00047838217891211485,0.015784366783295502,0.003122779202478077,-0.0020672965815764204,0.05133476944921277,0.04748171855734688,0.055394390386637696,0.04412667840709155
0.04856365195898982,0.007411187666003904,0.0025056378879764196,-0.0004534240645266222,0.0013261857244378631,0.0055410807295335806,-0.04445524921438101,-0.03305618423259639,0.1904538751825882,0.5573594816691603,0.005823030300787085,0.3670478388706248,0.598833674210077,-0.0008923250015458741,-0.000992663907448918,-0.019181209565172608,0.046858725519816256,0.06761328945996171,-0.025468353190285203,0.03842475681812663,-0.010000243236238942,0.11726903636456681,0.05655060831945375,-0.03320411909761705,0.7518834728812189,0.6442515528195993,1.0000000000008509,0.9281890475728074,0.018157372106650745,0.012139759416186462,0.011260569415336605,-0.0009227544694401863,-0.006755048252388372,-0.021259908738672083,0.03778408184836979,-0.02563714196291053,0.03172593913225355,0.00681165232455168,0.12326132561576507,0.0771572702234827,-0.06169389216269139,0.009882710991994592,0.011955061802480748,-0.01601882150885268,-0.014746450224388901,-0.01499897580045938,0.004296251759173593,-0.029218249881058242,-0.03305618423259639,0.3670478388706248,,,,-4.091895740712836e-05,0.0012623179262683279,1.1256930127764286e-05,0.007922833300207622,-0.0004968134826692559,0.005177240124657811,0.0017246884296918748,0.4119305049979367,0.025473257947105348,0.0014126626509273238,0.07179594712603571,0.0012545486486423508,0.019790380182678712,0.004096467610048804,-0.0017710216001232072,0.058196340945748756,0.0616385205125241,0.06412787610359326,0.048463098099114484
0.053486899708022555,0.01321913374523739,0.009759197330109694,-0.0002298994524209206,0.007277195703667099,-0.0017089474144278566,-0.043759129337393364,-0.03415309086608332,0.15803624366668448,0.4733225866139498,0.025361891982455104,0.312549479579232,0.4896535402132428,-0.0008698118298152603,-0.0009877277253205823,-0.01486997946990313,0.05282561415154272,0.07175637280160556,-0.024129869694515187,0.04076801229650217,-0.002246486492400405,0.1052838418424476,0.05865254077772892,-0.022252228773877943,0.8275192609191548,0.8298253561557779,0.9281890475728074,1.0000000000007394,0.34502223174683055,0.02286936309906109,0.02360526418868465,-0.0009189691185960364,-0.006644004931661319,-0.020385308455592954,0.02542034683035522,-0.02757252671519644,0.020691526749808557,0.0021515771268462514,0.11400519264313853,0.0683872726839052,-0.06805237018220865,0.024310890312151726,0.023973675260608947,-0.01566736464273285,-0.014399755741071364,-0.014715582637400956,0.016960721429810994,-0.030676579535100584,-0.03415309086608332,0.312549479579232,,,,0.0024245532553750864,0.0050361766664686804,1.9942795967002467e-05,0.01400692188203918,-0.000472700530450753,0.012166926211141349,0.008337135887182264,0.3645632467619621,0.025623961483604393,0.004730158765424103,0.056467487203910975,0.004010406048900823,0.023836838055594296,0.007579834653924201,0.00038073306661462366,0.06383018041006909,0.05604671632360594,0.06831686503483357,0.05547034656619743
0.01650869204520328,-5.846043141121942e-05,0.00023687688662794482,-0.0003102346811398129,-9.401373910199646e-06,-0.012583625989183351,-0.013482976485987291,-0.013210097872482805,0.00380979347925632,0.02363589288985078,0.063047213119294,0.04718429564043083,0.00960850752222329,-0.00032127869607589087,-0.00034900444795131784,0.006134787597549418,0.029117788544832626,0.021903455399360363,-0.00484891812810038,0.00977363880958854,0.019616003724800803,-0.003148485883697334,0.016786075792556292,0.021605067197063774,0.275955729369012,0.7674996550821165,0.018157372106650745,0.34502223174683055,0.9999999999990694,-0.0005091218790406116,0.0002911676228319851,-0.00032409928780795054,-0.002406414915369806,-0.004769414344137185,-0.011966091769435966,-0.011861349477531192,-0.010142665957101086,-0.006426257679995804,-0.003441639218977882,0.0015559945764293801,-0.02364934181108765,-0.0001449340023555862,-0.0002172681193099873,-0.00457575831326901,-0.00410650539914582,-0.0043181576513729916,0.0187250883070763,-0.01221110524033184,-0.013210097872482807,0.04718429564043083,,,,-0.00010770365220663974,-9.66452382702782e-05,-2.3935729340381994e-05,3.878321972630222e-05,-0.0011189295876678413,0.0008371608317451402,7.467768777995407e-05,0.004594574093835058,0.009400073949864095,-3.909668717352737e-05,-0.031278685505031836,-0.0010666682740488982,0.0016713525535241391,-0.0003939315441140859,-0.0014987606321941573,0.022363471509485915,0.0067808461612673876,0.02169524358907532,0.02202291415289411
0.04279507314222174,0.054911761625491703,0.21643609314705312,0.36747565578598523,0.7710152227478213,0.010656485270527616,0.0028453474959267435,0.003909670047158881,0.011921077584602285,0.1592056284608557,-0.0004753940340342302,0.27716218585067876,0.06126069390029937,0.006403506566858683,-7.008518917419628e-05,0.005824528336849508,0.009550239766441704,0.012116220385433432,-0.00013781087411642224,0.04339004373091469,0.006393277230127862,0.014579414317094008,0.012486839479058185,0.0020031989150142283,0.22167603188360105,0.007057685355512283,0.012139759416186462,0.02286936309906109,-0.0005091218790406116,0.9999999999997017,0.8962820153346515,-0.0001086303590496536,0.003715978811045837,0.01139877120636211,0.02765435904682912,0.01799569188560668,0.01175253375718856,0.013164512446054492,0.010223941968375144,0.035937765475614426,-0.02014917453892665,0.83896946524859,0.9205563695951596,0.004302864390476912,0.004919866375696078,0.003939667890486718,-0.015010903384997536,0.010824796112138622,0.003909670047158881,0.2771621858506788,,,,0.6957155716646387,0.7335901103872299,0.0006409238617950517,0.035799983278806825,0.06782069475978646,0.17595171556627895,0.42695670262892266,0.06261430211531235,0.016172371238855,0.4698741824768342,0.013128825812612915,0.026732028794764325,0.017351004275728565,0.028236822487999802,0.024995805070498048,0.009279207242642506,0.010730515287255559,0.011084003825046831,0.0073420897677608276
0.013718974466499858,0.03419186866756811,0.25330612780241846,0.010089855634048097,0.887296249739055,-0.0005758338975650768,-0.007007769392025806,-0.0066353894347663984,0.0062011662222344836,0.14796356358812257,0.0005127117640804725,0.2522120078815183,0.051815416222020974,0.00472250806392618,-0.0002409177975196674,-0.011137466425426882,-0.0014301811409928992,-0.007118917221198546,-0.01088152920582255,0.01358185763308749,-0.009457725690448822,-0.002025147073613059,-0.007364919330856595,-0.009047594618699471,0.246807471512923,0.006777729422268521,0.011260569415336605,0.02360526418868465,0.0002911676228319851,0.8962820153346515,0.9999999999991136,-0.0003195261830472766,0.007576960987412473,-0.009637934317713858,0.01492852127913181,0.0017751576340583736,0.01838069416975954,0.01778671491854411,0.0116525561415235,0.009966797883372666,-0.012423980448974335,0.8750651239988388,0.9865372569893405,-0.0015235929462227079,-0.0014632049269738992,-0.0014470644729036328,0.09776553335371961,-0.0012849994368257904,-0.0066353894347663984,0.25221200788151826,,,,0.4479249357327297,0.488125581904579,0.0010253897004181111,0.03882919522449502,0.020248624864992206,0.21366877829514688,0.5231007271610394,0.05864610582242979,0.005731858579642335,0.11543308517452287,0.015039388119803276,0.010191999946505213,0.010176201354012518,0.011427953200559206,0.009004685026069622,-0.007704260461709865,-0.002141323569834907,-0.007581695033296042,-0.007581109368891273
-0.011331917993026205,0.0007563467586779623,0.0001471059303655265,-0.0002321715874817762,-1.944072532163441e-05,-0.012807280551556272,-0.012513522343415923,-0.012740936687620294,-0.00204934045068523,-0.001169807240469874,-0.00026922080822984945,-0.0008795186286446247,-0.0011412532382384093,0.038175526466138816,0.999946247958604,-0.011270194780297116,-0.008016040881079342,-0.01200833455083672,-0.007653653751614371,-0.011091692251790531,-0.011617879196267005,-0.005428670083399178,-0.011833708235419816,-0.010414560973027545,-0.0008498371031726871,-0.0008514271448942305,-0.0009227544694401863,-0.0009189691185960364,-0.00032409928780795054,-0.0001086303590496536,-0.0003195261830472766,1.000000000000003,0.008543075022350029,-0.006326952539525564,-0.012838052424761897,-0.012304056788075274,-0.009299313138466521,-0.005480597121017412,-0.0046437416997618655,-0.0028101083535582187,0.026022197548551337,-0.0002751750873356759,-0.00012774795714005184,-0.004491919689419048,-0.00425836397669695,-0.0043287703202839305,-0.008441419464383546,-0.012212647476309058,-0.012740936687620294,-0.0008795186286446247,,,,-2.344276163370775e-06,-9.22547676555339e-06,4.1753977673013e-05,0.0006318436425756875,-0.0013055843075507987,0.0001671777038050478,-1.8428048784060593e-05,-0.00235636028653503,-0.00010931214472255885,-0.000424645489357949,-0.0024977791745492426,-0.004686924897772457,-0.0012240723257921763,-0.004579044703289287,-0.00465892526238592,-0.011079318358254321,-0.003937454752244375,-0.011011055910574294,-0.010740957887874962
-0.084790235034206,0.004620036561928812,0.016133171618393168,-0.0016460525660254243,0.007030215196999667,-0.030776062472118292,-0.026646402835123303,-0.028646882460698853,-0.018901924797764605,-0.003360314707119608,0.009206848973801168,0.005012076143189211,-0.007100645074950856,0.07518028100869943,0.018910515679937335,-0.08421273933257367,-0.06007640426231516,-0.0898149411600834,-0.057080735751283265,-0.08324198858510448,-0.08724201510108628,-0.04076402963980533,-0.08886193524403652,-0.07820399833872321,-0.004698639176859509,-0.006258184489406376,-0.006755048252388372,-0.006644004931661319,-0.002406414915369806,0.003715978811045837,0.007576960987412473,0.008543075022350029,1.000000000001707,-0.047822557032610125,-0.030823963355258097,-0.040423623468776114,0.014141638479354537,0.008503894727401316,-0.014687574361679731,-0.006910043841962072,-0.007942364790279764,0.003812230404632858,0.007272690648999781,-0.006202092002883986,-0.010431699132952032,-0.01096093058422888,0.09906238913424599,-0.036692534712007646,-0.028646882460698853,0.0050120761431892095,,,,0.0033294530968433203,0.0035623729826427756,0.008770560794402102,0.005485702688390847,-0.009845928312521278,0.013794022649966778,0.0023914768951396807,0.0323020647714102,0.004674737306260768,-0.003336089193636461,0.04539664271466077,-0.035305639831117286,-0.00934256333489134,-0.034525973937356055,-0.03507883233356378,-0.08323142603806563,-0.029595126336667943,-0.08272239200888837,-0.08068606437739399
0.3195268166138088,0.00030848095466235614,-0.0036023881189074136,0.03153857627010454,-0.001953758563565429,0.5527009652138581,0.5664999092649988,0.5666958932479923,-0.005414627293972272,-0.02785147239402771,-0.006931777318359842,-0.02191266044892974,-0.026752975232796985,-0.001549320002992486,-0.006821907682329325,0.449749742715001,-0.05072570153178532,0.3199909728697175,0.5135338458192615,0.3347443596599365,0.356408749785502,0.07860749434486708,0.3347815308915435,0.34785359056205795,-0.01927400563323676,-0.01752772374531576,-0.021259908738672083,-0.020385308455592954,-0.004769414344137185,0.01139877120636211,-0.009637934317713858,-0.006326952539525564,-0.047822557032610125,0.9999999999999879,0.5491216388221779,0.7249011509552351,-0.2269623122744152,-0.13831894343988418,-0.008042313378014079,-0.007477980229953329,-0.12691576038396,-0.001282536904817136,-0.0077251676755598,0.011652958291530622,0.009055977364312186,0.010975681167822743,-0.23632973780691974,0.7315325778574264,0.5666958932479923,-0.021912660448929745,,,,0.013783570116556286,0.013391323573052519,-0.00047161253223073534,0.000900280330498422,0.10885134580710498,-0.0023675283505647728,-0.0008608289139100507,-0.04652288715261236,-0.008357622930969958,0.02532158467748406,-0.11388028007815078,0.01700336347820754,-0.01255558208538378,0.013886294844680307,0.01980640183599697,0.3130033261764752,0.10213128863267248,0.3125445265895758,0.3056442255359424
0.28212772914003015,-0.0007040724643835165,0.0027374003192467576,0.029630516543832884,0.013700851351285116,0.9971444625267587,0.9560125743771969,0.9780541721360555,0.2133059692178235,0.0883377671875981,0.019306853854852875,0.07162392375428787,0.08184404792859577,0.017015024442862212,-0.013155828247312332,0.22099325265388492,0.08043954266573872,0.20943565889247817,0.18182047919485084,0.2864140203599385,0.206064387298956,0.08619535445326168,0.21525503510891375,0.1875558023565652,0.0276058567264915,0.01853320551645196,0.03778408184836979,0.02542034683035522,-0.011966091769435966,0.02765435904682912,0.01492852127913181,-0.012838052424761897,-0.030823963355258097,0.5491216388221779,0.9999999999998951,0.9568786539801064,0.6764490391008963,0.6517283590981632,0.03283182090960161,0.006790059186048098,-0.1404135105502765,0.016934063829618356,0.017204559016743677,0.03515482348734644,0.03893281185387137,0.0412556145368838,-0.08521171091280419,0.9507055400487237,0.9780541721360555,0.07162392375428787,,,,0.01620233740482261,0.01692092092384204,0.0034475107754713867,-0.0013800087024661391,0.10051551316230392,0.001949749176074861,0.0058911685659966675,-0.013808440649002145,-0.011870005904047284,0.021706082468292788,-0.07397685156672748,0.08065488182520494,0.08852393430258712,0.09159926547923337,0.06835630732521622,0.194583872979823,0.1308373223087885,0.21211969248531085,0.17469050858955443
0.3130284479635864,-0.0008515039832843502,-0.0005662249739450797,0.03316046861850526,0.006964519942435508,0.9609968852224012,0.967841867572286,0.9745288679193184,0.04655238557929871,-0.022437170753112346,-0.0006890538759485008,-0.010467014628018825,-0.023429854707125428,0.012028130657432074,-0.01272144419474314,0.31001223739633016,0.06423471787826786,0.2616642826938345,0.28546312661097634,0.3199191483542626,0.2798730300622228,0.0784203676487184,0.2702141960609817,0.26726494029665454,-0.025956232413125703,-0.025084210330568537,-0.02563714196291053,-0.02757252671519644,-0.011861349477531192,0.01799569188560668,0.0017751576340583736,-0.012304056788075274,-0.040423623468776114,0.7249011509552351,0.9568786539801064,1.0000000000000058,0.4801745121684384,0.4838854496016989,0.015913833745589346,0.0026344622317885035,-0.12616384779202225,0.004562805771735564,0.003640480891592115,0.04673485159381916,0.04796033858173441,0.050616771193159285,-0.1496097180769739,0.9939129453665073,0.9745288679193184,-0.010467014628018823,,,,0.015269323433085,0.014990115106731918,0.0012561500567676992,-0.001085923700891305,0.11611021456158654,-0.0002244541639998645,0.0033017958736366398,-0.07248010295350099,-0.015389665049052044,0.022305690340587426,-0.08471323538313531,0.06353829439344964,0.018124759318684704,0.06275875323110017,0.06295834069013137,0.2514085317034359,0.1246328684336162,0.26187364559725057,0.2362402209831836
-0.028072031343923803,-0.0016127400418195067,0.004526475625585418,0.005308801917513499,0.01577803601973247,0.6729007007752286,0.6363603081663837,0.6547930368131947,0.1824656200123712,0.07445271495187517,0.03058649325413858,0.07313325480609388,0.06907097615062188,0.024068672274265134,-0.009151359752945643,-0.1633958821877303,0.08774445986797237,-0.0853073318518335,-0.2329222787371084,-0.03639336147064085,-0.10762091381457185,-0.01397063297471923,-0.09180377318645976,-0.10860295880028419,0.0168749714705785,0.015569841564537756,0.03172593913225355,0.020691526749808557,-0.010142665957101086,0.01175253375718856,0.01838069416975954,-0.009299313138466521,0.014141638479354537,-0.2269623122744152,0.6764490391008963,0.4801745121684384,0.9999999999999782,0.9099164082886514,0.03816317165790048,-0.0021419921845874075,-0.03986223727443248,0.009362144363327208,0.018412874648942337,0.016242954847701815,0.024225312588419715,0.025533538855292085,0.15261377963632777,0.4789649168330885,0.6547930368131947,0.07313325480609388,,,,0.006103842384285521,0.0063934484638785505,0.004183892835506566,-0.0029505836292117744,0.014662712625124892,0.0029197641632459246,0.0067967290461558695,-0.0056280700142255355,-0.008382142245762883,-0.002914221883197972,0.03284322894147724,0.022199073977594977,0.06565653927418465,0.03236639534853111,0.011633794042911762,-0.08831481192566486,0.025155319464036215,-0.07371987063213135,-0.09836352176502551
-0.024561575332391047,-0.000773066675085683,0.004348566443600286,0.005584497297380196,0.017605117292934094,0.6503362184186939,0.6278679324386364,0.6410178929466182,0.13086314779961575,0.03469319044749405,0.03108414126985148,0.04939355134140946,0.026767847164859145,0.022097429928130206,-0.0053916430909841185,-0.09794071894024764,0.048988099170037845,-0.05579981302651767,-0.13726783694219039,-0.02887825962685798,-0.06318924429058419,-0.023349993368229842,-0.05863498812246244,-0.05906667074741425,0.0016169943760224548,0.000702593842169396,0.00681165232455168,0.0021515771268462514,-0.006426257679995804,0.013164512446054492,0.01778671491854411,-0.005480597121017412,0.008503894727401316,-0.13831894343988418,0.6517283590981632,0.4838854496016989,0.9099164082886514,1.0000000000006848,0.018132785577031817,-0.01144333810378031,-0.02259858034486529,0.009474656515909681,0.017968548459301088,0.0030226474306002714,0.006258365182230751,0.008183380605981417,0.12012588613449303,0.491622593800727,0.6410178929466182,0.049393551341409436,,,,0.007949652925897185,0.008258232417558629,0.004821759768400348,-0.001763000340077644,0.014720721177670178,0.0026219706918488113,0.007529300341312391,-0.013282708538226174,-0.00537401999374608,-0.00306741717764587,0.02022684468893359,-0.025367187436801632,0.03374152454111705,-0.017461713483285287,-0.032296501021663794,-0.056490672754860194,0.016984145864872548,-0.046597272304370406,-0.06314913078345963
0.0263962620682647,-0.0008084791394974083,0.0025392259256308333,-0.0017165287478334806,0.007635606886327448,0.023965074278397162,0.01863778186934813,0.018759979679263534,0.026526101007246165,0.14555964154071455,0.012344609539470896,0.09406705696705174,0.14237118752522876,6.677719466860134e-05,-0.004795371160574182,0.06233418179552045,0.07194297042794395,0.06964053422762373,0.04306482357620201,-0.045880068024142864,0.028124081029625655,-0.07768867580903824,0.0051003657620423345,0.05532604277776474,0.09937957576659537,0.07351968390402784,0.12326132561576507,0.11400519264313853,-0.003441639218977882,0.010223941968375144,0.0116525561415235,-0.0046437416997618655,-0.014687574361679731,-0.008042313378014079,0.03283182090960161,0.015913833745589346,0.03816317165790048,0.018132785577031817,0.9999999999999045,-0.040722434910033356,-0.15806525376803593,0.005540609618012464,0.011610623034086035,-0.10107155235448535,-0.09254796033633607,-0.0937275598430127,-0.05784610679109329,0.01969675541072932,0.018759979679263534,0.09406705696705174,,,,0.0027113235145329938,0.0034847602638104613,0.0019577771568379527,2.1957293826968642e-05,0.006469906408926417,0.0033588032044136805,0.003550562600538073,0.08637189050373047,0.002846811089390175,-0.0019792243331257127,0.03352492282434689,-0.0244911976461447,-0.022873767226644966,-0.026759355727617336,-0.02157524905833408,0.06399304243498205,0.014269656780363483,0.05889935494652253,0.06476348463160128
0.09207741950219395,0.001432419171113715,0.0022703080590422697,0.0005770182102718653,0.006891007775826641,0.001156127671478692,-0.004161769577859807,-0.0030561255213542187,0.019288050308961774,0.09636748371717553,-0.003967425959917263,0.061657535903829684,0.09993924602899984,-0.0019246104982174196,-0.002881356256281752,0.013681376983251335,0.07080662407551333,0.05394399841865404,-0.02913232674224716,0.09609296294811491,0.025869627916752038,0.09608851144515364,0.05745310681176624,-0.002656690647699537,0.06306237151356865,0.05201696240434569,0.0771572702234827,0.0683872726839052,0.0015559945764293801,0.035937765475614426,0.009966797883372666,-0.0028101083535582187,-0.006910043841962072,-0.007477980229953329,0.006790059186048098,0.0026344622317885035,-0.0021419921845874075,-0.01144333810378031,-0.040722434910033356,0.9999999999999998,-0.07667307592537073,0.005879306102012186,0.00983893514640079,-0.05821029131630978,-0.05359622235285589,-0.05427935007622659,-0.03662075187930421,-0.008541440533581796,-0.0030561255213542187,0.061657535903829684,,,,0.0028206329587958877,0.003354228136985251,-0.00019025536968096709,0.0030467289066125024,0.0019665002246399507,0.002144958593386422,0.0030633280557932755,0.11682913025857448,0.3504646738699472,0.004339076796898119,0.02685044514988832,0.06074427239348162,0.006443263730916103,0.05774193193616574,0.062163969004457524,0.041954408580880086,0.06294356743334091,0.052614190555144165,0.0304439593707548
-0.28138283256841107,-0.006790611605884511,-0.004429053618604509,-0.012562428227047685,-0.008756271173685777,-0.13692428142856714,-0.0878926152816709,-0.10849321950501757,-0.19008833598329117,-0.07453087111454035,-0.008796942939781406,-0.047921073165350034,-0.06737128617945355,-0.0033915781913605395,0.025936142097350425,-0.1166253307760386,-0.1754069335342424,-0.17708625941903988,-0.029792171672543222,-0.28570359678404067,-0.10225787048083065,-0.27383129029363323,-0.1797951168291909,-0.02217376313716231,-0.06828713396150099,-0.054625109656685614,-0.06169389216269139,-0.06805237018220865,-0.02364934181108765,-0.02014917453892665,-0.012423980448974335,0.026022197548551337,-0.007942364790279764,-0.12691576038396,-0.1404135105502765,-0.12616384779202225,-0.03986223727443248,-0.02259858034486529,-0.15806525376803593,-0.07667307592537073,1.0000000000000464,-0.017872132007093453,-0.015056574987760717,-0.11078839303501069,-0.10612431150765254,-0.10499191995331646,-0.004718890123053293,-0.09847943302771331,-0.10849321950501757,-0.047921073165350034,,,,-0.010340566649836255,-0.011320613559847604,-0.002090459045794338,-0.004994661148445522,-0.011749463857354009,-0.0036023712434920677,-0.0038012630626904687,-0.059284485634628306,0.004819323031999777,-0.019761010045826193,0.1474922610296485,-0.2129836835414607,-0.10255374726971528,-0.21636975720118157,-0.20361013932846114,-0.1519013484825357,-0.1938599338178275,-0.1830284401391499,-0.11673189944586171
0.0293095425575575,0.03309922299119379,0.21132298396661922,0.017148582844372692,0.5772668212542357,0.0048123824145970585,-0.003681211354815833,-0.002941689963054885,0.00771483496224235,0.1354178577763078,0.0003069517215108071,0.1811070306423791,0.042248848147362975,0.0031746679916567102,-0.00023560821305153724,-0.002888342688200509,0.002341384970096822,0.0015864867776568454,-0.004791345008660983,0.029927353032814564,-0.0021962726781394413,0.005809515139536427,0.0019523994772143367,-0.004039119060355573,0.2814346302936047,0.005479449783471528,0.009882710991994592,0.024310890312151726,-0.0001449340023555862,0.83896946524859,0.8750651239988388,-0.0002751750873356759,0.003812230404632858,-0.001282536904817136,0.016934063829618356,0.004562805771735564,0.009362144363327208,0.009474656515909681,0.005540609618012464,0.005879306102012186,-0.017872132007093453,1.0000000000004494,0.9105968406642835,-0.006070472344323952,-0.0055568627258306014,-0.005627689489664591,-0.0014021540595731538,0.001312012494185751,-0.002941689963054885,0.1811070306423791,,,,0.2885648081810338,0.35038781499243604,0.00039177415155647734,0.03367651926967806,0.03759403497470101,0.1666210234417095,0.33099571101784797,0.052240200539741224,0.005621325761394217,0.19694462594573078,0.011433192531850158,0.023845449701428774,0.018419704451532494,0.025842750049305613,0.021895173919316547,-0.0002833226543779919,0.003329279360594408,0.0005589676261474585,-0.0010169936239606831
0.016421635448557268,0.035122494513727544,0.2382609360429811,0.011422081102319959,0.8551897625087881,0.0008662943522149446,-0.006040717033600055,-0.005587366037732957,0.00679394417683987,0.15624585822142403,6.545157134939569e-05,0.26421124261109497,0.05587587069367329,0.004908118932058579,-5.2321742495784605e-05,-0.009305198038565452,1.3806565339431576e-05,-0.004907509225858778,-0.009880419289906368,0.01645397075513455,-0.007818227178996542,0.00027685081150014614,-0.0050405673859984885,-0.008034856046128682,0.23865823254286725,0.0069199172342106225,0.011955061802480748,0.023973675260608947,-0.0002172681193099873,0.9205563695951596,0.9865372569893405,-0.00012774795714005184,0.007272690648999781,-0.0077251676755598,0.017204559016743677,0.003640480891592115,0.018412874648942337,0.017968548459301088,0.011610623034086035,0.00983893514640079,-0.015056574987760717,0.9105968406642835,0.9999999999995803,-0.002522078817135756,-0.0023698316919853355,-0.0023675150369073324,0.0044602541678858834,9.653992079855045e-05,-0.005587366037732958,0.264211242611095,,,,0.4337383284060112,0.47361659546689444,0.0007836557112019335,0.03866335272640018,0.02297733231817916,0.20290253980554082,0.4984412152953326,0.06198571720290083,0.0055796422121987465,0.12953776500941722,0.015843457063211545,0.012401578853287977,0.011508120602569963,0.013783733120423901,0.011091590799964994,-0.005799818635667018,-0.0005119297952690357,-0.005442307723704576,-0.005945003331632934
0.13895916237962425,-0.000686033399211881,-0.000501150359662888,0.0015755976401554963,-0.0015050536017974887,0.0366378775048248,0.04477141645736212,0.04279583190925317,-0.027551675021808584,-0.021616746399962035,-0.006018119918936045,-0.017295807696321927,-0.02059481904358876,-0.0005984548661938274,-0.0045555877066287866,0.03029157744940806,0.11366161565812873,0.08015866425108507,-0.04093493321537749,0.14734802940500927,0.05464155658736077,0.12704133410332566,0.08782149635265814,0.0157078417370646,-0.014487044568156865,-0.013839344612991335,-0.01601882150885268,-0.01566736464273285,-0.00457575831326901,0.004302864390476912,-0.0015235929462227079,-0.004491919689419048,-0.006202092002883986,0.011652958291530622,0.03515482348734644,0.04673485159381916,0.016242954847701815,0.0030226474306002714,-0.10107155235448535,-0.05821029131630978,-0.11078839303501069,-0.006070472344323952,-0.002522078817135756,1.0000000000001492,-0.0804566273026208,-0.08148211287280659,-0.04391078884132753,0.029166670260951943,0.04279583190925317,-0.017295807696321927,,,,-0.0017504814917629037,-0.0019186428470256956,-0.00036633364888411624,-0.0009652878297525822,0.005742371517500239,-0.0002968174636095311,-0.000663007505266205,-0.03384048851446182,-0.006365210818782082,0.004726072354596529,-0.004215212652597999,0.10593171421203373,0.017724203203548856,0.10217755267694023,0.10753349557803521,0.06787084363693707,0.08964746093899416,0.08298733310047678,0.051401748184736105
0.16138950677959849,-0.0005773716277602013,-0.0004847845976568758,0.001548638329527029,-0.0013777632940907203,0.040310297743697085,0.047345780027492276,0.04590428309655246,-0.022747618801707583,-0.01980955091342584,-0.005609208643239421,-0.015895577882873903,-0.018847659648624098,-0.0010308371755565074,-0.004365920580355645,0.05204163868132942,0.1327742247816639,0.10539432397631045,-0.02757541334118531,0.16973902908760508,0.0777786009555672,0.14368923963724953,0.11305940922274942,0.03449915721716477,-0.013428542046094638,-0.01268690027907076,-0.014746450224388901,-0.014399755741071364,-0.00410650539914582,0.004919866375696078,-0.0014632049269738992,-0.00425836397669695,-0.010431699132952032,0.009055977364312186,0.03893281185387137,0.04796033858173441,0.024225312588419715,0.006258365182230751,-0.09254796033633607,-0.05359622235285589,-0.10612431150765254,-0.0055568627258306014,-0.0023698316919853355,-0.0804566273026208,1.0000000000002882,-0.07456058147015983,-0.051676576424908895,0.03236718211611894,0.04590428309655246,-0.015895577882873903,,,,-0.0016016686902610663,-0.0017522822530744327,-0.00033521484341477966,-0.0007961786212961747,0.0058721131999540715,-0.0002095845524500113,-0.0006067665829317052,-0.03078771351487687,-0.0058642355353955445,0.00530129558063363,-0.006922840491559103,0.09385396355888612,0.019743323955574904,0.0921011645359707,0.09484798682092435,0.09154600062143828,0.10801230263474038,0.10854970560539576,0.07231459219354829
0.14626020751100424,-0.000628610544440925,-0.000477477797916277,0.0013704905144578893,-0.0013954370566827547,0.042658733325885774,0.05043039481484191,0.04855957853487079,-0.02571878239172023,-0.02003263673599683,-0.005559996945400943,-0.01602563953135099,-0.01909017328674438,-0.0010863227561567813,-0.0044418043220360555,0.04784346955934743,0.13231366088983817,0.1019718522201299,-0.03039174042402715,0.15423085019160446,0.07331889936530868,0.14755647143086745,0.10954903104221235,0.029379589396491233,-0.013814507450564183,-0.01304804581496898,-0.01499897580045938,-0.014715582637400956,-0.0043181576513729916,0.003939667890486718,-0.0014470644729036328,-0.0043287703202839305,-0.01096093058422888,0.010975681167822743,0.0412556145368838,0.050616771193159285,0.025533538855292085,0.008183380605981417,-0.0937275598430127,-0.05427935007622659,-0.10499191995331646,-0.005627689489664591,-0.0023675150369073324,-0.08148211287280659,-0.07456058147015983,1.000000000000115,-0.052548701650672734,0.03554444215641593,0.04855957853487079,-0.01602563953135099,,,,-0.0016218336798446448,-0.0017678619343696545,-0.0003394864691596397,-0.0007760006706646484,0.006666169477974547,-0.00018047140008099454,-0.0006143987365069939,-0.03123646412943565,-0.005939777640626485,0.004677232713229525,-0.0022976541241324423,0.09774488782480767,0.01099490116593579,0.09295606912620269,0.09993891330687697,0.08824713598130769,0.10374407939661397,0.1041686714916809,0.06995075641859824
-0.39819579454470955,-0.002961490048019881,0.08966816860284729,-0.007872449187861012,0.02582782990860711,-0.08668593166898372,-0.06939081728451582,-0.07830177312014819,-0.07734579651706949,0.018246333668532226,0.018482184091067756,0.018415437031740596,0.00801229553452608,0.010055377036330672,-0.007413074081970078,-0.4065559870994015,-0.29215883969557105,-0.4319067775779006,-0.2735565293736019,-0.39505463640787236,-0.4263473044333883,-0.1960455941334711,-0.432887594859016,-0.3830207782893947,0.14212744891710147,0.01566275652867555,0.004296251759173593,0.016960721429810994,0.0187250883070763,-0.015010903384997536,0.09776553335371961,-0.008441419464383546,0.09906238913424599,-0.23632973780691974,-0.08521171091280419,-0.1496097180769739,0.15261377963632777,0.12012588613449303,-0.05784610679109329,-0.03662075187930421,-0.004718890123053293,-0.0014021540595731538,0.0044602541678858834,-0.04391078884132753,-0.051676576424908895,-0.052548701650672734,0.9999999999994496,-0.12787774849374894,-0.07830177312014819,0.018415437031740596,,,,0.00043071119011015653,0.03324050655543244,0.0012243187105442194,-0.005833050267393963,-0.047663993428751675,0.034352465281048725,0.008029118031661358,0.05585704421840246,-0.0010876530658148426,-0.016487514797941256,0.19378356232317429,-0.16557232445943781,-0.04331848929769703,-0.16186562896694423,-0.16457998442996605,-0.40428331459735267,-0.14398498816567779,-0.4018852016719777,-0.3918607990266767
0.25779378892271215,-0.001409179412650076,-0.0013207618677870503,0.026850879631172633,0.0037956007374702083,0.9552568545815132,0.968065727654102,0.9722169172597729,0.02603955016232655,-0.028998479795716372,-0.001032657749098135,-0.016368286149418557,-0.0297391698310609,0.01338277565398144,-0.012591361515359827,0.30263629597146435,0.024767935163974,0.23618864827285618,0.30265466728616447,0.26456349539947044,0.2661454796808155,0.040423786128077115,0.2446830775951528,0.2649839733133045,-0.029089572022736973,-0.027839559168199662,-0.029218249881058242,-0.030676579535100584,-0.01221110524033184,0.010824796112138622,-0.0012849994368257904,-0.012212647476309058,-0.036692534712007646,0.7315325778574264,0.9507055400487237,0.9939129453665073,0.4789649168330885,0.491622593800727,0.01969675541072932,-0.008541440533581796,-0.09847943302771331,0.001312012494185751,9.653992079855045e-05,0.029166670260951943,0.03236718211611894,0.03554444215641593,-0.12787774849374894,0.9999999999999679,0.9722169172597729,-0.016368286149418557,,,,0.009482609300885266,0.00915089786554656,0.000687420488560392,-0.0012348117468153185,0.11316465277068141,-0.0008936004626987388,0.0018407524564364067,-0.0757752424868168,-0.01562721976474436,0.015005512646658533,-0.07287324829258215,0.02233460136507101,0.0021359387233854696,0.021468925168623112,0.022865089888739278,0.23303749022738982,0.09026285761136885,0.23647101524991304,0.2245093556372528
0.23543231468348874,-0.0016639905217917877,-0.002440219994013762,0.029311564172419875,-0.004014038149445369,0.9840350562087381,0.9945098271475211,0.9999999999997469,0.03516739735720727,-0.04085560467195989,-0.017167526835085233,-0.03634389834948094,-0.03726608969092725,0.016589587400984467,-0.01303615292865866,0.21577913732082807,0.061579514834753865,0.1862578483588406,0.18629705998366872,0.23914178524081625,0.20243652728796543,0.0459296777092854,0.19182383952569393,0.19663553950451204,-0.03274454312567572,-0.031262843992586144,-0.03305618423259639,-0.03415309086608332,-0.013210097872482807,0.003909670047158881,-0.0066353894347663984,-0.012740936687620294,-0.028646882460698853,0.5666958932479923,0.9780541721360555,0.9745288679193184,0.6547930368131947,0.6410178929466182,0.018759979679263534,-0.0030561255213542187,-0.10849321950501757,-0.002941689963054885,-0.005587366037732958,0.04279583190925317,0.04590428309655246,0.04855957853487079,-0.07830177312014819,0.9722169172597729,0.9999999999997469,-0.03634389834948094,,,,0.007501071417053507,0.006972146854687498,0.0033994521251324,-0.002149520304248271,0.10134714611432215,-0.0018063102264593116,-0.001771597828279167,-0.0816217939499299,-0.016402183583607743,0.016929461817455867,-0.05509544912976015,0.04151486695106645,0.010523189077674378,0.04084525259002297,0.04137325340034711,0.17988316460533252,0.0980936472384448,0.18985369873079458,0.16718690381206971
0.002955609337650066,0.00953122327183529,0.06124349162313412,0.00042325461945614813,0.2713558238380365,0.0017500934645127565,-0.047396466478219684,-0.03634389834948094,0.18531626678977214,0.814990198608807,0.6339448798738179,1.0000000000007438,0.6627163176610485,0.003356283427967237,-0.000827424948331547,-0.030196041213287225,0.00652313208905357,0.004834247854876285,-0.02702991189166153,0.0005216786869601038,-0.025836043953913767,0.043541853214619196,0.002530582867337496,-0.03505707521877062,0.29293884245258106,0.2945835875667997,0.3670478388706248,0.312549479579232,0.04718429564043083,0.2771621858506788,0.25221200788151826,-0.0008795186286446247,0.0050120761431892095,-0.021912660448929745,0.07162392375428787,-0.010467014628018823,0.07313325480609388,0.049393551341409436,0.09406705696705174,0.061657535903829684,-0.047921073165350034,0.1811070306423791,0.264211242611095,-0.017295807696321927,-0.015895577882873903,-0.01602563953135099,0.018415437031740596,-0.016368286149418557,-0.03634389834948094,1.0000000000007438,,,,0.13998020387867538,0.147792340421537,0.0020420916440147346,0.0080402389414146,-0.0007131014198435578,0.04355321485712682,0.1183254407154222,0.357430067748803,0.024917693658999814,0.008145876907782758,0.043473936099047455,-0.011939654744019796,0.0018730877336821069,-0.01071740087929015,-0.012664338459565095,-0.0018802042370429958,0.017022850881518645,0.0008796518855120638,-0.005271744445396931
,,,,,,,,,,,,,,,,,,,,,,,,,,,,,,,,,,,,,,,,,,,,,,,,,,,,,,,,,,,,,,,,,,,,,,,
,,,,,,,,,,,,,,,,,,,,,,,,,,,,,,,,,,,,,,,,,,,,,,,,,,,,,,,,,,,,,,,,,,,,,,,
,,,,,,,,,,,,,,,,,,,,,,,,,,,,,,,,,,,,,,,,,,,,,,,,,,,,,,,,,,,,,,,,,,,,,,,
0.010735740423510554,0.06636553016639152,0.10844723643275138,0.8497192449889253,0.5107021551516708,0.008326611775974041,0.007536508936842813,0.007501071417053507,0.0005255716223074049,0.06078940972338328,-0.00010683316230146907,0.13998020387867538,0.021294167298029562,0.006828790710339608,3.217801337193722e-05,-0.003991057413822993,-0.0028027021472411505,-0.0038591557829830386,-0.002715672191688452,0.011038864122587292,-0.004107571804142982,-0.0018500474578525957,-0.003784786661768979,-0.0036901494260576516,0.05024056268646427,-0.00019146706491002488,-4.091895740712836e-05,0.0024245532553750864,-0.00010770365220663974,0.6957155716646387,0.4479249357327297,-2.344276163370775e-06,0.0033294530968433203,0.013783570116556286,0.01620233740482261,0.015269323433085,0.006103842384285521,0.007949652925897185,0.0027113235145329938,0.0028206329587958877,-0.010340566649836255,0.2885648081810338,0.4337383284060112,-0.0017504814917629037,-0.0016016686902610663,-0.0016218336798446448,0.00043071119011015653,0.009482609300885266,0.007501071417053507,0.13998020387867538,,,,1.0000000000001823,0.99386269159861,0.0005345040146248094,0.018277016548847082,0.04402293704937952,0.09767549352398937,0.28700570151432564,0.021253060471386725,0.0010738361849105926,0.8249713482400604,-0.002886276502801507,-0.0010906726524855777,-0.00017333048912761203,-0.0010512233787461933,-0.0011000435106090043,-0.0038105372238731354,-0.0013811628059111597,-0.003793185226792224,-0.003688313176087538
0.01272562450738148,0.06764927535759621,0.12239807761250078,0.8425952050351007,0.5151057103764937,0.008453826843579001,0.006931828914917379,0.006972146854687498,0.001253470512040329,0.06895492516472666,-4.643470900257394e-05,0.147792340421537,0.023965401037606814,0.006910909678559517,2.7712858500658504e-05,-0.004369353572122092,-0.0029756681817248326,-0.003985121516960399,-0.0029919137979000656,0.013033421166799087,-0.004440385480384851,-0.0018393301312094213,-0.003907948159958355,-0.004029673981060257,0.07692433383690613,0.0004780617523207478,0.0012623179262683279,0.0050361766664686804,-9.66452382702782e-05,0.7335901103872299,0.488125581904579,-9.22547676555339e-06,0.0035623729826427756,0.013391323573052519,0.01692092092384204,0.014990115106731918,0.0063934484638785505,0.008258232417558629,0.0034847602638104613,0.003354228136985251,-0.011320613559847604,0.35038781499243604,0.47361659546689444,-0.0019186428470256956,-0.0017522822530744327,-0.0017678619343696545,0.03324050655543244,0.00915089786554656,0.006972146854687498,0.147792340421537,,,,0.99386269159861,1.0000000000000622,0.000529499449909874,0.020473897152524824,0.05068166740173975,0.1062953843103256,0.2840711371086372,0.024698166401035268,0.0015689510787742177,0.8365509081150795,-0.002159556600445735,4.1568106435971926e-05,0.0006012553430003524,0.00015335073287654912,-4.6246116464523156e-05,-0.004019498321285775,-0.0014937626771152615,-0.004008495076397336,-0.003883102420423746
-0.0008257185139902993,2.9027828028533467e-05,0.00019496550660798664,0.0004828215279210181,0.0002078117635096208,0.003324233762856311,0.003405631377972662,0.0033994521251324,-6.0773177462505387e-05,0.001011831511201507,0.0010010459865525399,0.0020420916440147346,0.0007044868674121645,0.004301007914272045,0.00013268696791312278,-0.0008343307757264228,-0.0005881085763175966,-0.0008817334476198012,-0.0005681997440443636,-0.0008109455257147841,-0.0008576545414788589,-0.00039175347833005623,-0.0008702358679926049,-0.000771241528633993,4.761161548915597e-05,-1.625445754108847e-05,1.1256930127764286e-05,1.9942795967002467e-05,-2.3935729340381994e-05,0.0006409238617950517,0.0010253897004181111,4.1753977673013e-05,0.008770560794402102,-0.00047161253223073534,0.0034475107754713867,0.0012561500567676992,0.004183892835506566,0.004821759768400348,0.0019577771568379527,-0.00019025536968096709,-0.002090459045794338,0.00039177415155647734,0.0007836557112019335,-0.00036633364888411624,-0.00033521484341477966,-0.0003394864691596397,0.0012243187105442194,0.000687420488560392,0.0033994521251324,0.0020420916440147346,,,,0.0005345040146248094,0.000529499449909874,1.0000000000001121,-5.8664754915368145e-06,-6.0485730851560506e-05,2.412992338845468e-05,8.706514064943399e-05,0.00021101500956128,0.004175952089810804,0.00041816810140347715,0.002110336320300572,-0.000348487214818747,-9.145843065741398e-05,-0.000340653892992485,-0.00034636547260612514,-0.000820629426389292,-0.000291894335732372,-0.0008156299211814469,-0.000795513162814683
0.01369962573674937,0.9168817475108959,0.44019641561164763,0.0032490438693771493,0.03607194121054836,-0.001888186672835029,-0.0021605013970746752,-0.002149520304248271,0.0002979311808321774,0.005031309216158416,-0.00019319153828967385,0.008040238941414594,0.0018568722313078625,-3.320426753801945e-05,0.0006886330783018674,0.00143599253544916,0.0005717242965927001,0.004577910478355224,0.0013835692086821587,0.012893651509762235,0.0016492615530507612,-0.00031584349074907485,0.0035458468696209196,0.001846580643480037,0.03309902376855645,0.0031463352520549313,0.007922833300207622,0.01400692188203918,3.878321972630222e-05,0.035799983278806825,0.03882919522449502,0.0006318436425756875,0.005485702688390847,0.000900280330498422,-0.0013800087024661391,-0.001085923700891305,-0.0029505836292117744,-0.001763000340077644,2.1957293826968642e-05,0.0030467289066125024,-0.004994661148445522,0.03367651926967806,0.03866335272640018,-0.0009652878297525822,-0.0007961786212961747,-0.0007760006706646484,-0.005833050267393963,-0.0012348117468153185,-0.002149520304248271,0.0080402389414146,,,,0.018277016548847082,0.020473897152524824,-5.8664754915368145e-06,0.9999999999988084,0.025661538624984746,0.44022371934150484,0.06000348422514783,0.0014341162700408953,0.0016022076595640735,0.008469387393628494,-0.011520096039321366,0.023420287415848152,0.024373092398273392,0.027577635474002393,0.02091199932849187,0.004000503772753856,0.0007333576128298808,0.0037823048594843285,0.004038315533255386
0.05738995268749967,0.008505000005246947,0.004740752054320806,0.12244742122333029,0.0009426142564915931,0.10082965440021806,0.10024442080132151,0.10134714611432215,0.009484669742903467,0.002483743066928102,-0.0017381536855369866,-0.0007131014198435579,0.0008272844913058985,-0.0005260583859533769,-0.0014074875305008102,0.06305758940175145,0.026472524556005073,0.0582149130509703,0.05245109164635924,0.05859054220466706,0.06373967828604891,0.012787690559555991,0.059872880044306014,0.06251027588667205,0.009230281076243496,-0.0010775641341298982,-0.0004968134826692559,-0.000472700530450753,-0.0011189295876678413,0.06782069475978646,0.020248624864992206,-0.0013055843075507987,-0.009845928312521278,0.10885134580710498,0.10051551316230392,0.11611021456158654,0.014662712625124892,0.014720721177670178,0.006469906408926417,0.0019665002246399507,-0.011749463857354009,0.03759403497470101,0.02297733231817916,0.005742371517500239,0.0058721131999540715,0.006666169477974547,-0.047663993428751675,0.11316465277068141,0.10134714611432215,-0.0007131014198435578,,,,0.04402293704937952,0.05068166740173975,-6.0485730851560506e-05,0.025661538624984746,1.0000000000000124,0.006701015647657773,0.0009641491848998709,-0.005116715377104149,-0.0011722560489647756,0.1344920359636103,-0.020353942244253995,0.0160092308298535,0.0019397755445443683,0.015295463700156227,0.0162958870389505,0.05712773621493989,0.01562692010115172,0.05610835969059856,0.056411889402542846
0.00697674610733318,0.31933774201908616,0.9460427481298713,0.0013655405785143251,0.20581583858794977,-0.0007200324330603501,-0.0018932665098601747,-0.0018063102264593116,0.0016278531462924491,0.026092619738238,6.118223755972387e-05,0.0435532148571268,0.00948766509845347,0.0005406053553260477,0.00031017939319093164,-0.0011284866106963858,0.003697981022652088,0.0012738115984797381,-0.002735886048608651,0.007025629141690606,0.0008602828928579036,-0.0009166107546547705,0.0012552962081520997,0.001248086538856758,0.08710025322218293,0.0036917643150177286,0.005177240124657811,0.012166926211141349,0.0008371608317451402,0.17595171556627895,0.21366877829514688,0.0001671777038050478,0.013794022649966778,-0.0023675283505647728,0.001949749176074861,-0.0002244541639998645,0.0029197641632459246,0.0026219706918488113,0.0033588032044136805,0.002144958593386422,-0.0036023712434920677,0.1666210234417095,0.20290253980554082,-0.0002968174636095311,-0.0002095845524500113,-0.00018047140008099454,0.034352465281048725,-0.0008936004626987388,-0.0018063102264593116,0.04355321485712682,,,,0.09767549352398937,0.1062953843103256,2.412992338845468e-05,0.44022371934150484,0.006701015647657773,1.0000000000015579,0.3396165670446889,0.011118170861480132,0.0013080474962782812,0.01632838336329265,-0.00039618972194920866,0.004889178716589794,0.0003911858495499726,0.004632144530713622,0.005017117650893706,0.0008182012438421321,-0.001282898900106598,0.00047297066496463513,0.0011300742697338316
0.00523137140392563,0.016175383892057277,0.1271686826541096,0.00018769611028655178,0.5988487441829257,-0.0008072164815891784,-0.0017916584589260105,-0.001771597828279167,0.0006310464147217246,0.051975453458704954,0.00011793972438954105,0.1183254407154221,0.013406336286097588,0.0018389380341210387,6.37097684450395e-06,-0.0014797337585370448,-0.0009285268892048706,-0.0007470079049553686,-0.001028782704902011,0.005310238905356683,-0.0014945114544099246,-0.0004471189206426332,-0.0007297911641773854,-0.0013875207508539658,0.0736804923128443,0.0010700322124210363,0.0017246884296918748,0.008337135887182264,7.467768777995407e-05,0.42695670262892266,0.5231007271610394,-1.8428048784060593e-05,0.0023914768951396807,-0.0008608289139100507,0.0058911685659966675,0.0033017958736366398,0.0067967290461558695,0.007529300341312391,0.003550562600538073,0.0030633280557932755,-0.0038012630626904687,0.33099571101784797,0.4984412152953326,-0.000663007505266205,-0.0006067665829317052,-0.0006143987365069939,0.008029118031661358,0.0018407524564364067,-0.001771597828279167,0.1183254407154222,,,,0.28700570151432564,0.2840711371086372,8.706514064943399e-05,0.06000348422514783,0.0009641491848998709,0.3396165670446889,1.000000000000002,0.01911968412785451,0.001012751254572143,0.0025713463693702683,0.003776262761460674,-0.0001552574571014028,0.0006277471590364998,-5.649454345646207e-05,-0.00025694701557437826,-0.001068921934372956,-0.00040949491339890235,-0.0010726694982604735,-0.001028745280689925
-0.045407161244004034,0.0015801052771239911,0.013840703065870192,-0.001440766088985192,0.04322939962682859,-0.045765016452315455,-0.09094532275955078,-0.0816217939499299,0.1630630343766523,0.5350855580137521,0.00027161976099461315,0.357430067748803,0.5465805363631322,-0.001295125766689938,-0.002021095882971831,-0.07233639646072676,-0.029266967003316137,-0.04658969630270136,-0.05394940802495758,-0.04965564339071612,-0.07185751226074734,0.006514757556363357,-0.05201657533782399,-0.07264200977293532,0.3421802873993129,0.2723851106552596,0.4119305049979367,0.3645632467619621,0.004594574093835058,0.06261430211531235,0.05864610582242979,-0.00235636028653503,0.0323020647714102,-0.04652288715261236,-0.013808440649002145,-0.07248010295350099,-0.0056280700142255355,-0.013282708538226174,0.08637189050373047,0.11682913025857448,-0.059284485634628306,0.052240200539741224,0.06198571720290083,-0.03384048851446182,-0.03078771351487687,-0.03123646412943565,0.05585704421840246,-0.0757752424868168,-0.0816217939499299,0.357430067748803,,,,0.021253060471386725,0.024698166401035268,0.00021101500956128,0.0014341162700408953,-0.005116715377104149,0.011118170861480132,0.01911968412785451,0.9999999999997058,0.11256145837755158,0.004433667608461092,0.2696596916658096,-0.03107657746679028,-0.007156135008436807,-0.03011062043124933,-0.031028104551400516,-0.04733996344062534,-0.026531446574150703,-0.04922320195384753,-0.043775768142352796
-0.006634010585704458,0.0008692070130768222,0.0013325717728005428,-0.00022019771244205727,0.0022672300439603873,-0.013997067326119031,-0.016950312970525433,-0.016402183583607743,0.009859263435055776,0.03168268457784317,0.0075934367890153195,0.024917693658999814,0.030389326735886048,-3.872151536611282e-05,-6.082584019562913e-05,-0.010421516496177601,-0.0010285203441237469,-0.005794317445673722,-0.009384872774470676,-0.006913609202616086,-0.008862222991018943,-0.00016345582575106758,-0.006109598126190335,-0.008542559783384036,0.024596971192737887,0.023918287828520134,0.025473257947105348,0.025623961483604393,0.009400073949864095,0.016172371238855,0.005731858579642335,-0.00010931214472255885,0.004674737306260768,-0.008357622930969958,-0.011870005904047284,-0.015389665049052044,-0.008382142245762883,-0.00537401999374608,0.002846811089390175,0.3504646738699472,0.004819323031999777,0.005621325761394217,0.0055796422121987465,-0.006365210818782082,-0.0058642355353955445,-0.005939777640626485,-0.0010876530658148426,-0.01562721976474436,-0.016402183583607743,0.024917693658999814,,,,0.0010738361849105926,0.0015689510787742177,0.004175952089810804,0.0016022076595640735,-0.0011722560489647756,0.0013080474962782812,0.001012751254572143,0.11256145837755158,1.0000000000011797,0.0007699763826256134,0.005021697778562665,-0.005005559418579782,-0.0010181356236444652,-0.00483503323432285,-0.005021597828685601,-0.007893192595072885,-0.0034289099655993457,-0.008032167716823408,-0.0075023239249228215
0.04206837005587606,0.06485577369048975,0.027937224627414298,0.9712284285198473,0.012625676671391875,0.020883285816331826,0.015129100078343815,0.016929461817455867,0.015243940907590587,0.017923534004657144,-0.0006531715142857353,0.008145876907782758,0.00404915818718832,0.004442467107258926,-0.0004591758118869366,0.009172814933989045,0.012297864353343338,0.015029570798034601,0.001696993646105165,0.042812412181914526,0.00932828977060316,0.017773947436965764,0.015459559121801147,0.00383056670245244,0.06319007239427134,0.0007058861350905285,0.0014126626509273238,0.004730158765424103,-3.909668717352737e-05,0.4698741824768342,0.11543308517452287,-0.000424645489357949,-0.003336089193636461,0.02532158467748406,0.021706082468292788,0.022305690340587426,-0.002914221883197972,-0.00306741717764587,-0.0019792243331257127,0.004339076796898119,-0.019761010045826193,0.19694462594573078,0.12953776500941722,0.004726072354596529,0.00530129558063363,0.004677232713229525,-0.016487514797941256,0.015005512646658533,0.016929461817455867,0.008145876907782758,,,,0.8249713482400604,0.8365509081150795,0.00041816810140347715,0.008469387393628494,0.1344920359636103,0.01632838336329265,0.0025713463693702683,0.004433667608461092,0.0007699763826256134,0.9999999999999047,-0.016793908642068554,0.02888436910858143,0.01889905176693511,0.030421998087027877,0.026821807560812806,0.012343833339290112,0.013369970909077196,0.014623253925705874,0.009908281540414263
-0.23631980469724395,-0.011169258695595579,0.0013076224476213899,-0.011914039547359423,0.008568590374398746,-0.07931934816320166,-0.03478443922608939,-0.05509544912976015,-0.17141315598527926,0.08406040129191358,-0.019581602406879582,0.043473936099047455,0.08781851392964092,0.007217104477094821,-0.002026721460335581,-0.1971965010954515,-0.13470959764788565,-0.21232450967723926,-0.13400514801246657,-0.2413528347563156,-0.19640067661311225,-0.13763556246932035,-0.21918866887357463,-0.16005011910589706,0.05635666207744593,0.021214528581445034,0.07179594712603571,0.056467487203910975,-0.031278685505031836,0.013128825812612915,0.015039388119803276,-0.0024977791745492426,0.04539664271466077,-0.11388028007815078,-0.07397685156672748,-0.08471323538313531,0.03284322894147724,0.02022684468893359,0.03352492282434689,0.02685044514988832,0.1474922610296485,0.011433192531850158,0.015843457063211545,-0.004215212652597999,-0.006922840491559103,-0.0022976541241324423,0.19378356232317429,-0.07287324829258215,-0.05509544912976015,0.043473936099047455,,,,-0.002886276502801507,-0.002159556600445735,0.002110336320300572,-0.011520096039321366,-0.020353942244253995,-0.00039618972194920866,0.003776262761460674,0.2696596916658096,0.005021697778562665,-0.016793908642068554,0.9999999999994662,-0.18812566581845874,-0.11438144564679094,-0.1951058865112353,-0.17562760815367623,-0.2036330477101893,-0.09495833158337569,-0.20894532008053543,-0.19162791860814285
0.37297803936604124,0.024665623445901064,0.004906101172539014,0.0077828772906775945,4.030327204287593e-05,0.08156958133845264,0.012844299412599304,0.04151486695106645,0.23412926370715462,-0.010513754668370194,-0.005445045883616206,-0.011939654744019802,-0.01306947147294977,-0.004593837211993486,-0.005052329853093332,0.06159287018918591,0.2182453210850854,0.19420800582087808,-0.07266527800836099,0.3626485734781106,0.03992123134258729,0.3739052779579367,0.1773204642140606,-0.07926657480266698,0.04430437432462978,0.00047838217891211485,0.0012545486486423508,0.004010406048900823,-0.0010666682740488982,0.026732028794764325,0.010191999946505213,-0.004686924897772457,-0.035305639831117286,0.01700336347820754,0.08065488182520494,0.06353829439344964,0.022199073977594977,-0.025367187436801632,-0.0244911976461447,0.06074427239348162,-0.2129836835414607,0.023845449701428774,0.012401578853287977,0.10593171421203373,0.09385396355888612,0.09774488782480767,-0.16557232445943781,0.02233460136507101,0.04151486695106645,-0.011939654744019796,,,,-0.0010906726524855777,4.1568106435971926e-05,-0.000348487214818747,0.023420287415848152,0.0160092308298535,0.004889178716589794,-0.0001552574571014028,-0.03107657746679028,-0.005005559418579782,0.02888436910858143,-0.18812566581845874,0.9999999999996162,0.30232332708375764,0.9847414780278555,0.9870645684254198,0.17979474241583912,0.15307729759945893,0.20201134109513874,0.15318368710965488
0.21940708553204658,0.030037029511827153,0.002527398761189173,0.0044828279870599294,0.0014290431081205423,0.08785626829143481,-0.03409530824472918,0.010523189077674378,0.3828781472268183,0.011194735418897588,-0.0011642546581540655,0.0018730877336821069,0.003224033202183664,-0.0012144961512697997,-0.0013207679319222807,0.012687124029586307,0.0471745889809198,0.06640456510626615,-0.02108439127663978,0.22465942790272223,0.005734584309098873,0.10135685325588989,0.06938711309347305,-0.03096708662825859,0.0984129577722011,0.015784366783295502,0.019790380182678712,0.023836838055594296,0.0016713525535241391,0.017351004275728565,0.010176201354012518,-0.0012240723257921763,-0.00934256333489134,-0.01255558208538378,0.08852393430258712,0.018124759318684704,0.06565653927418465,0.03374152454111705,-0.022873767226644966,0.006443263730916103,-0.10255374726971528,0.018419704451532494,0.011508120602569963,0.017724203203548856,0.019743323955574904,0.01099490116593579,-0.04331848929769703,0.0021359387233854696,0.010523189077674378,0.0018730877336821069,,,,-0.00017333048912761203,0.0006012553430003524,-9.145843065741398e-05,0.024373092398273392,0.0019397755445443683,0.0003911858495499726,0.0006277471590364998,-0.007156135008436807,-0.0010181356236444652,0.01889905176693511,-0.11438144564679094,0.30232332708375764,0.9999999999999583,0.4560621047092973,0.14828489308485618,0.041534981761117494,0.10749516248085533,0.06812130495595103,0.016884467648950505
0.3869965626218787,0.030205700846336645,0.00504777660748853,0.008097036718438191,0.0002638505609026604,0.09231163587360722,0.0063412804117393045,0.04084525259002297,0.2855157006850416,-0.007588538019677294,-0.005241593788069261,-0.010717400879290136,-0.011643827912333055,-0.004492178916667867,-0.004936380925516235,0.05940376191653945,0.21113249882144117,0.1920923089438994,-0.07139494159054574,0.3782893463118326,0.037998160598838024,0.36527792294119515,0.17684070653412848,-0.07922974143332191,0.061804684871613676,0.003122779202478077,0.004096467610048804,0.007579834653924201,-0.0003939315441140859,0.028236822487999802,0.011427953200559206,-0.004579044703289287,-0.034525973937356055,0.013886294844680307,0.09159926547923337,0.06275875323110017,0.03236639534853111,-0.017461713483285287,-0.026759355727617336,0.05774193193616574,-0.21636975720118157,0.025842750049305613,0.013783733120423901,0.10217755267694023,0.0921011645359707,0.09295606912620269,-0.16186562896694423,0.021468925168623112,0.04084525259002297,-0.01071740087929015,,,,-0.0010512233787461933,0.00015335073287654912,-0.000340653892992485,0.027577635474002393,0.015295463700156227,0.004632144530713622,-5.649454345646207e-05,-0.03011062043124933,-0.00483503323432285,0.030421998087027877,-0.1951058865112353,0.9847414780278555,0.4560621047092973,1.0000000000001856,0.9458252162584045,0.1744378797890039,0.1602468611411264,0.1996729409681076,0.14554364966897113
0.35001183879969294,0.02141703760366544,0.00470120179443356,0.007326495603629396,-0.00017706223040263078,0.06941172533960314,0.019239759598375206,0.04137325340034711,0.1768962015185098,-0.012722356343115578,-0.005467865450863885,-0.012664338459565092,-0.014042760701798877,-0.004564482661126814,-0.005021982513898661,0.06185055332138585,0.21867826153884537,0.19048845384633561,-0.0718542698704313,0.33840963676947833,0.04053299246096151,0.37122065544090027,0.17247183806041824,-0.07701429578124996,0.029038186802514847,-0.0020672965815764204,-0.0017710216001232072,0.00038073306661462366,-0.0014987606321941573,0.024995805070498048,0.009004685026069622,-0.00465892526238592,-0.03507883233356378,0.01980640183599697,0.06835630732521622,0.06295834069013137,0.011633794042911762,-0.032296501021663794,-0.02157524905833408,0.062163969004457524,-0.20361013932846114,0.021895173919316547,0.011091590799964994,0.10753349557803521,0.09484798682092435,0.09993891330687697,-0.16457998442996605,0.022865089888739278,0.04137325340034711,-0.012664338459565095,,,,-0.0011000435106090043,-4.6246116464523156e-05,-0.00034636547260612514,0.02091199932849187,0.0162958870389505,0.005017117650893706,-0.00025694701557437826,-0.031028104551400516,-0.005021597828685601,0.026821807560812806,-0.17562760815367623,0.9870645684254198,0.14828489308485618,0.9458252162584045,1.000000000000193,0.1796943382917577,0.14112995371228726,0.1982990974936411,0.15616839274216565
0.8202926878622898,0.0007986816964263482,-0.0029747024120968107,0.004307243251301187,-0.0030413041030549265,0.19505805556648248,0.16529112877823368,0.17988316460533252,0.14484461245790828,0.007127915462119736,-0.012159870385685261,-0.0018802042370429952,0.01357488892089803,-0.010901309068409033,-0.011940739489886379,0.9167165471135564,0.6586200882211205,0.9741019700731107,0.6413428004879193,0.7951021053702844,0.941408552209633,0.4235010997686149,0.9506236319458456,0.8558324780625952,0.04536641213919858,0.05133476944921277,0.058196340945748756,0.06383018041006909,0.022363471509485915,0.009279207242642506,-0.007704260461709865,-0.011079318358254321,-0.08323142603806563,0.3130033261764752,0.194583872979823,0.2514085317034359,-0.08831481192566486,-0.056490672754860194,0.06399304243498205,0.041954408580880086,-0.1519013484825357,-0.0002833226543779919,-0.005799818635667018,0.06787084363693707,0.09154600062143828,0.08824713598130769,-0.40428331459735267,0.23303749022738982,0.17988316460533252,-0.0018802042370429958,,,,-0.0038105372238731354,-0.004019498321285775,-0.000820629426389292,0.004000503772753856,0.05712773621493989,0.0008182012438421321,-0.001068921934372956,-0.04733996344062534,-0.007893192595072885,0.012343833339290112,-0.2036330477101893,0.17979474241583912,0.041534981761117494,0.1744378797890039,0.1796943382917577,0.9999999999997318,0.31027678805892833,0.9804745534206628,0.9802150980500317
0.5877162146154741,0.001529573338994527,-0.0008666842440825974,0.005163849597962482,-0.0010462010994294199,0.12976076626835262,0.0753075006907962,0.0980936472384448,0.20855892518144128,0.02809940992619724,-0.004220396334595326,0.017022850881518645,0.03349297645280587,-0.0038818019484282013,-0.004243756027833373,0.29086782796660104,0.46505569912167777,0.48533895785090064,0.04719097654294543,0.5611424299287991,0.272271096620767,0.6743465644617699,0.4640031480972711,0.0840603731017479,0.04399059900210307,0.04748171855734688,0.0616385205125241,0.05604671632360594,0.0067808461612673876,0.010730515287255559,-0.002141323569834907,-0.003937454752244375,-0.029595126336667943,0.10213128863267248,0.1308373223087885,0.1246328684336162,0.025155319464036215,0.016984145864872548,0.014269656780363483,0.06294356743334091,-0.1938599338178275,0.003329279360594408,-0.0005119297952690357,0.08964746093899416,0.10801230263474038,0.10374407939661397,-0.14398498816567779,0.09026285761136885,0.0980936472384448,0.017022850881518645,,,,-0.0013811628059111597,-0.0014937626771152615,-0.000291894335732372,0.0007333576128298808,0.01562692010115172,-0.001282898900106598,-0.00040949491339890235,-0.026531446574150703,-0.0034289099655993457,0.013369970909077196,-0.09495833158337569,0.15307729759945893,0.10749516248085533,0.1602468611411264,0.14112995371228726,0.31027678805892833,0.9999999999997353,0.4843736809204282,0.11767821743135057
0.8837445121422202,0.001037415439748673,-0.0029324191195350268,0.005361649910078458,-0.003020216484249865,0.21243095262553383,0.17049999268093033,0.18985369873079458,0.18675412558565416,0.011008299374198229,-0.012055344431381686,0.0008796518855120648,0.017911418977654955,-0.010834905416220657,-0.0118672087591016,0.9005914888465996,0.6972427493600365,0.9942743062058423,0.5981488226650904,0.856486942357783,0.9192056962170367,0.5256698983057478,0.9693458658661266,0.8019391036760144,0.04931287591487871,0.055394390386637696,0.06412787610359326,0.06831686503483357,0.02169524358907532,0.011084003825046831,-0.007581695033296042,-0.011011055910574294,-0.08272239200888837,0.3125445265895758,0.21211969248531085,0.26187364559725057,-0.07371987063213135,-0.046597272304370406,0.05889935494652253,0.052614190555144165,-0.1830284401391499,0.0005589676261474585,-0.005442307723704576,0.08298733310047678,0.10854970560539576,0.1041686714916809,-0.4018852016719777,0.23647101524991304,0.18985369873079458,0.0008796518855120638,,,,-0.003793185226792224,-0.004008495076397336,-0.0008156299211814469,0.0037823048594843285,0.05610835969059856,0.00047297066496463513,-0.0010726694982604735,-0.04922320195384753,-0.008032167716823408,0.014623253925705874,-0.20894532008053543,0.20201134109513874,0.06812130495595103,0.1996729409681076,0.1982990974936411,0.9804745534206628,0.4843736809204282,0.9999999999998787,0.9238146449152169
0.730728786362724,0.0005135332795114305,-0.0029195205455386838,0.0033595839228748514,-0.0029543315914072306,0.17538597279371584,0.15735326157972634,0.16718690381206971,0.10231702231559933,0.001936311565317291,-0.011807472161053717,-0.0052717444453969295,0.007577003788760006,-0.01056683443067951,-0.01157603519810041,0.8972126335196834,0.5920027113321928,0.9170017697791166,0.6608019767559175,0.7096026719364762,0.9269975767277273,0.3023261042685207,0.8966739451435501,0.8774927732466171,0.038571195777581314,0.04412667840709155,0.048463098099114484,0.05547034656619743,0.02202291415289411,0.0073420897677608276,-0.007581109368891273,-0.010740957887874962,-0.08068606437739399,0.3056442255359424,0.17469050858955443,0.2362402209831836,-0.09836352176502551,-0.06314913078345963,0.06476348463160128,0.0304439593707548,-0.11673189944586171,-0.0010169936239606831,-0.005945003331632934,0.051401748184736105,0.07231459219354829,0.06995075641859824,-0.3918607990266767,0.2245093556372528,0.16718690381206971,-0.005271744445396931,,,,-0.003688313176087538,-0.003883102420423746,-0.000795513162814683,0.004038315533255386,0.056411889402542846,0.0011300742697338316,-0.001028745280689925,-0.043775768142352796,-0.0075023239249228215,0.009908281540414263,-0.19162791860814285,0.15318368710965488,0.016884467648950505,0.14554364966897113,0.15616839274216565,0.9802150980500317,0.11767821743135057,0.9238146449152169,1.0000000000000961
